{
  "configVersion": 1,
  "timestamp": 1630032545423,
  "index": "/index.html",
  "assetGroups": [
    {
      "name": "app",
      "installMode": "prefetch",
      "updateMode": "prefetch",
      "cacheQueryOptions": {
        "ignoreVary": true
      },
      "urls": [
        "/1229.d555670ac241b83bca04.js",
        "/134.ac69634f6078a1cbd596.js",
        "/1419.a427815c0333226675f1.js",
        "/1571.d18cf44e0df03e36ac6a.js",
        "/172.0cc3a086bb9178d94b14.js",
        "/1761.506eff0e3f61b53af326.js",
        "/1843.2ae589e54ac0db3e687c.js",
        "/1864.2c1b93b8cc581e1851b8.js",
        "/1988.9a07b780faa515814cd4.js",
        "/202.c7844e5197e0604f0353.js",
        "/2099.d3d74801f071514ee407.js",
        "/2104.ac2ce907f22bb9cb899a.js",
        "/2214.4d57e2ae48ce1c9e46ef.js",
        "/2369.e95de0122992efae15ba.js",
        "/2441.f7ead9387b7d1d5bbfc5.js",
        "/26.539ff4b840758ec63e37.js",
        "/2756.883b25cc77a4ffc897bd.js",
        "/2899.0278b6e73ce74612c335.js",
        "/2981.fd6c640632283d0f0f87.js",
        "/3111.b9e091663229b0f0d428.js",
        "/3536.d9b3e85bcb895cfc22a0.js",
        "/4054.1016f82c44feb25217c9.js",
        "/4429.6ff498c3bb4768234a51.js",
        "/4468.c1ea730063b891760ddc.js",
        "/4473.a7639b64c432ebcd9d25.js",
        "/4558.d63cd251bed30a4be629.js",
        "/4666.f0cc9b4c7ed6ce4b39ac.js",
        "/497.2b73688654d0e2ce02b1.js",
        "/5102.fac7341809379e858ed4.js",
        "/5269.6c4a7053be422d139cc6.js",
        "/5643.ce681044d497f9c4a437.js",
        "/5670.63e0f443604f966ae617.js",
        "/5737.ee65059bca193bf24bfe.js",
        "/5798.119f4a73a92dc625d0d5.js",
        "/608.8cf37d32d9c884f57125.js",
        "/6210.0f4ad32881e30cc25cb6.js",
        "/6267.1ce78743e86617f54a94.js",
        "/648.0584c62ed44cd467507a.js",
        "/6503.a8366c00950963d50b3b.js",
        "/6726.dfe8db2eacf31920728b.js",
        "/6748.2275392aa5ea7b24d28c.js",
        "/6776.9787ef42feb20db8ed1c.js",
        "/7132.8ab755442622d1c71112.js",
        "/72.2e32bf01384a92e0b972.js",
        "/7333.ce6c96f6e06e94dfd8e3.js",
        "/7355.1bf83bb351e268824919.js",
        "/7438.53c57810de9c5a11d70a.js",
        "/7701.a12107c116a5ad3ec929.js",
        "/7809.5c887d52e73e1c54875d.js",
        "/8013.d517d50f32e945e6ffa5.js",
        "/8082.88c6f68ae7dc1c35002b.js",
        "/8233.282d7523e6d589bcd334.js",
        "/8377.f6674c18f4218b4ede5a.js",
        "/8424.f33f098a6437fd6c053e.js",
        "/845.d65b3973eb16f2540ff4.js",
        "/8457.2e801272724f0f3fc82e.js",
        "/8588.29289fd1f016247ab427.js",
        "/8592.0ca8736df862518a96f5.js",
        "/8955.1d4d49466fce366163ed.js",
        "/9238.f1c8aea2f9946795560d.js",
        "/9279.36d256a7cf285fcee2e7.js",
        "/9454.f7f0a51480543a5f3245.js",
        "/9561.baf6179e8cc67f409569.js",
        "/9605.be9632dda76bfbb292a5.js",
        "/966.d3d44f4af74b4e7da1ba.js",
        "/967.eebe3b0ab8f6d8faef2a.js",
        "/9690.49d1124cfe86f0c25e69.js",
        "/9712.5561a2e76f6ce661c4a2.js",
        "/index.html",
        "/main.3f161d9eb3f540a0c536.js",
        "/manifest.webmanifest",
        "/polyfills.32b83f3bf77a66f75933.js",
        "/runtime.b73040f069c7dcbe3a52.js",
        "/styles.08d3e86182c79b0a30e1.css"
      ],
      "patterns": []
    },
    {
      "name": "assets",
      "installMode": "lazy",
      "updateMode": "prefetch",
      "cacheQueryOptions": {
        "ignoreVary": true
      },
      "urls": [
        "/assets/avatars/av-1.png",
        "/assets/avatars/av-2.png",
        "/assets/avatars/av-3.png",
        "/assets/avatars/av-4.png",
        "/assets/avatars/av-5.png",
        "/assets/avatars/av-6.png",
        "/assets/avatars/av-7.png",
        "/assets/avatars/av-8.png",
        "/assets/capacitor.config.ts",
        "/assets/emoticonos1-10/1-muy-mal.svg",
        "/assets/emoticonos1-10/2-mal.svg",
        "/assets/emoticonos1-10/3-regular.svg",
        "/assets/emoticonos1-10/4-no-tan-bien.svg",
        "/assets/emoticonos1-10/5-bien.svg",
        "/assets/emoticonos1-10/6-muy-bien.svg",
        "/assets/emoticonos1-10/7-optimo.svg",
        "/assets/emoticonos1-10/8-excelente.svg",
        "/assets/emoticonos1-10/9-perfecto.svg",
        "/assets/emoticonos1-10/barvital.svg",
        "/assets/icon/favicon.png",
        "/assets/icons/icon-128x128.png",
        "/assets/icons/icon-144x144.png",
        "/assets/icons/icon-152x152.png",
        "/assets/icons/icon-192x192.png",
        "/assets/icons/icon-384x384.png",
        "/assets/icons/icon-512x512.png",
        "/assets/icons/icon-72x72.png",
        "/assets/icons/icon-96x96.png",
        "/assets/perro-1.jpg",
        "/assets/perro-2.jpg",
        "/assets/perro-3.jpg",
        "/assets/shapes.svg",
        "/assets/svg/index.d.ts",
        "/assets/svg/index.js",
        "/assets/svg/index.mjs",
        "/assets/svg/ionicons.designerpack.zip",
        "/assets/svg/ios-add-circle-outline.svg",
        "/assets/svg/ios-add-circle.svg",
        "/assets/svg/ios-add.svg",
        "/assets/svg/ios-airplane.svg",
        "/assets/svg/ios-alarm.svg",
        "/assets/svg/ios-albums.svg",
        "/assets/svg/ios-alert.svg",
        "/assets/svg/ios-american-football.svg",
        "/assets/svg/ios-analytics.svg",
        "/assets/svg/ios-aperture.svg",
        "/assets/svg/ios-apps.svg",
        "/assets/svg/ios-appstore.svg",
        "/assets/svg/ios-archive.svg",
        "/assets/svg/ios-arrow-back.svg",
        "/assets/svg/ios-arrow-down.svg",
        "/assets/svg/ios-arrow-dropdown-circle.svg",
        "/assets/svg/ios-arrow-dropdown.svg",
        "/assets/svg/ios-arrow-dropleft-circle.svg",
        "/assets/svg/ios-arrow-dropleft.svg",
        "/assets/svg/ios-arrow-dropright-circle.svg",
        "/assets/svg/ios-arrow-dropright.svg",
        "/assets/svg/ios-arrow-dropup-circle.svg",
        "/assets/svg/ios-arrow-dropup.svg",
        "/assets/svg/ios-arrow-forward.svg",
        "/assets/svg/ios-arrow-round-back.svg",
        "/assets/svg/ios-arrow-round-down.svg",
        "/assets/svg/ios-arrow-round-forward.svg",
        "/assets/svg/ios-arrow-round-up.svg",
        "/assets/svg/ios-arrow-up.svg",
        "/assets/svg/ios-at.svg",
        "/assets/svg/ios-attach.svg",
        "/assets/svg/ios-backspace.svg",
        "/assets/svg/ios-barcode.svg",
        "/assets/svg/ios-baseball.svg",
        "/assets/svg/ios-basket.svg",
        "/assets/svg/ios-basketball.svg",
        "/assets/svg/ios-battery-charging.svg",
        "/assets/svg/ios-battery-dead.svg",
        "/assets/svg/ios-battery-full.svg",
        "/assets/svg/ios-beaker.svg",
        "/assets/svg/ios-bed.svg",
        "/assets/svg/ios-beer.svg",
        "/assets/svg/ios-bicycle.svg",
        "/assets/svg/ios-bluetooth.svg",
        "/assets/svg/ios-boat.svg",
        "/assets/svg/ios-body.svg",
        "/assets/svg/ios-bonfire.svg",
        "/assets/svg/ios-book.svg",
        "/assets/svg/ios-bookmark.svg",
        "/assets/svg/ios-bookmarks.svg",
        "/assets/svg/ios-bowtie.svg",
        "/assets/svg/ios-briefcase.svg",
        "/assets/svg/ios-browsers.svg",
        "/assets/svg/ios-brush.svg",
        "/assets/svg/ios-bug.svg",
        "/assets/svg/ios-build.svg",
        "/assets/svg/ios-bulb.svg",
        "/assets/svg/ios-bus.svg",
        "/assets/svg/ios-business.svg",
        "/assets/svg/ios-cafe.svg",
        "/assets/svg/ios-calculator.svg",
        "/assets/svg/ios-calendar.svg",
        "/assets/svg/ios-call.svg",
        "/assets/svg/ios-camera.svg",
        "/assets/svg/ios-car.svg",
        "/assets/svg/ios-card.svg",
        "/assets/svg/ios-cart.svg",
        "/assets/svg/ios-cash.svg",
        "/assets/svg/ios-cellular.svg",
        "/assets/svg/ios-chatboxes.svg",
        "/assets/svg/ios-chatbubbles.svg",
        "/assets/svg/ios-checkbox-outline.svg",
        "/assets/svg/ios-checkbox.svg",
        "/assets/svg/ios-checkmark-circle-outline.svg",
        "/assets/svg/ios-checkmark-circle.svg",
        "/assets/svg/ios-checkmark.svg",
        "/assets/svg/ios-clipboard.svg",
        "/assets/svg/ios-clock.svg",
        "/assets/svg/ios-close-circle-outline.svg",
        "/assets/svg/ios-close-circle.svg",
        "/assets/svg/ios-close.svg",
        "/assets/svg/ios-cloud-circle.svg",
        "/assets/svg/ios-cloud-done.svg",
        "/assets/svg/ios-cloud-download.svg",
        "/assets/svg/ios-cloud-outline.svg",
        "/assets/svg/ios-cloud-upload.svg",
        "/assets/svg/ios-cloud.svg",
        "/assets/svg/ios-cloudy-night.svg",
        "/assets/svg/ios-cloudy.svg",
        "/assets/svg/ios-code-download.svg",
        "/assets/svg/ios-code-working.svg",
        "/assets/svg/ios-code.svg",
        "/assets/svg/ios-cog.svg",
        "/assets/svg/ios-color-fill.svg",
        "/assets/svg/ios-color-filter.svg",
        "/assets/svg/ios-color-palette.svg",
        "/assets/svg/ios-color-wand.svg",
        "/assets/svg/ios-compass.svg",
        "/assets/svg/ios-construct.svg",
        "/assets/svg/ios-contact.svg",
        "/assets/svg/ios-contacts.svg",
        "/assets/svg/ios-contract.svg",
        "/assets/svg/ios-contrast.svg",
        "/assets/svg/ios-copy.svg",
        "/assets/svg/ios-create.svg",
        "/assets/svg/ios-crop.svg",
        "/assets/svg/ios-cube.svg",
        "/assets/svg/ios-cut.svg",
        "/assets/svg/ios-desktop.svg",
        "/assets/svg/ios-disc.svg",
        "/assets/svg/ios-document.svg",
        "/assets/svg/ios-done-all.svg",
        "/assets/svg/ios-download.svg",
        "/assets/svg/ios-easel.svg",
        "/assets/svg/ios-egg.svg",
        "/assets/svg/ios-exit.svg",
        "/assets/svg/ios-expand.svg",
        "/assets/svg/ios-eye-off.svg",
        "/assets/svg/ios-eye.svg",
        "/assets/svg/ios-fastforward.svg",
        "/assets/svg/ios-female.svg",
        "/assets/svg/ios-filing.svg",
        "/assets/svg/ios-film.svg",
        "/assets/svg/ios-finger-print.svg",
        "/assets/svg/ios-fitness.svg",
        "/assets/svg/ios-flag.svg",
        "/assets/svg/ios-flame.svg",
        "/assets/svg/ios-flash-off.svg",
        "/assets/svg/ios-flash.svg",
        "/assets/svg/ios-flashlight.svg",
        "/assets/svg/ios-flask.svg",
        "/assets/svg/ios-flower.svg",
        "/assets/svg/ios-folder-open.svg",
        "/assets/svg/ios-folder.svg",
        "/assets/svg/ios-football.svg",
        "/assets/svg/ios-funnel.svg",
        "/assets/svg/ios-gift.svg",
        "/assets/svg/ios-git-branch.svg",
        "/assets/svg/ios-git-commit.svg",
        "/assets/svg/ios-git-compare.svg",
        "/assets/svg/ios-git-merge.svg",
        "/assets/svg/ios-git-network.svg",
        "/assets/svg/ios-git-pull-request.svg",
        "/assets/svg/ios-glasses.svg",
        "/assets/svg/ios-globe.svg",
        "/assets/svg/ios-grid.svg",
        "/assets/svg/ios-hammer.svg",
        "/assets/svg/ios-hand.svg",
        "/assets/svg/ios-happy.svg",
        "/assets/svg/ios-headset.svg",
        "/assets/svg/ios-heart-dislike.svg",
        "/assets/svg/ios-heart-empty.svg",
        "/assets/svg/ios-heart-half.svg",
        "/assets/svg/ios-heart.svg",
        "/assets/svg/ios-help-buoy.svg",
        "/assets/svg/ios-help-circle-outline.svg",
        "/assets/svg/ios-help-circle.svg",
        "/assets/svg/ios-help.svg",
        "/assets/svg/ios-home.svg",
        "/assets/svg/ios-hourglass.svg",
        "/assets/svg/ios-ice-cream.svg",
        "/assets/svg/ios-image.svg",
        "/assets/svg/ios-images.svg",
        "/assets/svg/ios-infinite.svg",
        "/assets/svg/ios-information-circle-outline.svg",
        "/assets/svg/ios-information-circle.svg",
        "/assets/svg/ios-information.svg",
        "/assets/svg/ios-jet.svg",
        "/assets/svg/ios-journal.svg",
        "/assets/svg/ios-key.svg",
        "/assets/svg/ios-keypad.svg",
        "/assets/svg/ios-laptop.svg",
        "/assets/svg/ios-leaf.svg",
        "/assets/svg/ios-link.svg",
        "/assets/svg/ios-list-box.svg",
        "/assets/svg/ios-list.svg",
        "/assets/svg/ios-locate.svg",
        "/assets/svg/ios-lock.svg",
        "/assets/svg/ios-log-in.svg",
        "/assets/svg/ios-log-out.svg",
        "/assets/svg/ios-magnet.svg",
        "/assets/svg/ios-mail-open.svg",
        "/assets/svg/ios-mail-unread.svg",
        "/assets/svg/ios-mail.svg",
        "/assets/svg/ios-male.svg",
        "/assets/svg/ios-man.svg",
        "/assets/svg/ios-map.svg",
        "/assets/svg/ios-medal.svg",
        "/assets/svg/ios-medical.svg",
        "/assets/svg/ios-medkit.svg",
        "/assets/svg/ios-megaphone.svg",
        "/assets/svg/ios-menu.svg",
        "/assets/svg/ios-mic-off.svg",
        "/assets/svg/ios-mic.svg",
        "/assets/svg/ios-microphone.svg",
        "/assets/svg/ios-moon.svg",
        "/assets/svg/ios-more.svg",
        "/assets/svg/ios-move.svg",
        "/assets/svg/ios-musical-note.svg",
        "/assets/svg/ios-musical-notes.svg",
        "/assets/svg/ios-navigate.svg",
        "/assets/svg/ios-notifications-off.svg",
        "/assets/svg/ios-notifications-outline.svg",
        "/assets/svg/ios-notifications.svg",
        "/assets/svg/ios-nuclear.svg",
        "/assets/svg/ios-nutrition.svg",
        "/assets/svg/ios-open.svg",
        "/assets/svg/ios-options.svg",
        "/assets/svg/ios-outlet.svg",
        "/assets/svg/ios-paper-plane.svg",
        "/assets/svg/ios-paper.svg",
        "/assets/svg/ios-partly-sunny.svg",
        "/assets/svg/ios-pause.svg",
        "/assets/svg/ios-paw.svg",
        "/assets/svg/ios-people.svg",
        "/assets/svg/ios-person-add.svg",
        "/assets/svg/ios-person.svg",
        "/assets/svg/ios-phone-landscape.svg",
        "/assets/svg/ios-phone-portrait.svg",
        "/assets/svg/ios-photos.svg",
        "/assets/svg/ios-pie.svg",
        "/assets/svg/ios-pin.svg",
        "/assets/svg/ios-pint.svg",
        "/assets/svg/ios-pizza.svg",
        "/assets/svg/ios-planet.svg",
        "/assets/svg/ios-play-circle.svg",
        "/assets/svg/ios-play.svg",
        "/assets/svg/ios-podium.svg",
        "/assets/svg/ios-power.svg",
        "/assets/svg/ios-pricetag.svg",
        "/assets/svg/ios-pricetags.svg",
        "/assets/svg/ios-print.svg",
        "/assets/svg/ios-pulse.svg",
        "/assets/svg/ios-qr-scanner.svg",
        "/assets/svg/ios-quote.svg",
        "/assets/svg/ios-radio-button-off.svg",
        "/assets/svg/ios-radio-button-on.svg",
        "/assets/svg/ios-radio.svg",
        "/assets/svg/ios-rainy.svg",
        "/assets/svg/ios-recording.svg",
        "/assets/svg/ios-redo.svg",
        "/assets/svg/ios-refresh-circle.svg",
        "/assets/svg/ios-refresh.svg",
        "/assets/svg/ios-remove-circle-outline.svg",
        "/assets/svg/ios-remove-circle.svg",
        "/assets/svg/ios-remove.svg",
        "/assets/svg/ios-reorder.svg",
        "/assets/svg/ios-repeat.svg",
        "/assets/svg/ios-resize.svg",
        "/assets/svg/ios-restaurant.svg",
        "/assets/svg/ios-return-left.svg",
        "/assets/svg/ios-return-right.svg",
        "/assets/svg/ios-reverse-camera.svg",
        "/assets/svg/ios-rewind.svg",
        "/assets/svg/ios-ribbon.svg",
        "/assets/svg/ios-rocket.svg",
        "/assets/svg/ios-rose.svg",
        "/assets/svg/ios-sad.svg",
        "/assets/svg/ios-save.svg",
        "/assets/svg/ios-school.svg",
        "/assets/svg/ios-search.svg",
        "/assets/svg/ios-send.svg",
        "/assets/svg/ios-settings.svg",
        "/assets/svg/ios-share-alt.svg",
        "/assets/svg/ios-share.svg",
        "/assets/svg/ios-shirt.svg",
        "/assets/svg/ios-shuffle.svg",
        "/assets/svg/ios-skip-backward.svg",
        "/assets/svg/ios-skip-forward.svg",
        "/assets/svg/ios-snow.svg",
        "/assets/svg/ios-speedometer.svg",
        "/assets/svg/ios-square-outline.svg",
        "/assets/svg/ios-square.svg",
        "/assets/svg/ios-star-half.svg",
        "/assets/svg/ios-star-outline.svg",
        "/assets/svg/ios-star.svg",
        "/assets/svg/ios-stats.svg",
        "/assets/svg/ios-stopwatch.svg",
        "/assets/svg/ios-subway.svg",
        "/assets/svg/ios-sunny.svg",
        "/assets/svg/ios-swap.svg",
        "/assets/svg/ios-switch.svg",
        "/assets/svg/ios-sync.svg",
        "/assets/svg/ios-tablet-landscape.svg",
        "/assets/svg/ios-tablet-portrait.svg",
        "/assets/svg/ios-tennisball.svg",
        "/assets/svg/ios-text.svg",
        "/assets/svg/ios-thermometer.svg",
        "/assets/svg/ios-thumbs-down.svg",
        "/assets/svg/ios-thumbs-up.svg",
        "/assets/svg/ios-thunderstorm.svg",
        "/assets/svg/ios-time.svg",
        "/assets/svg/ios-timer.svg",
        "/assets/svg/ios-today.svg",
        "/assets/svg/ios-train.svg",
        "/assets/svg/ios-transgender.svg",
        "/assets/svg/ios-trash.svg",
        "/assets/svg/ios-trending-down.svg",
        "/assets/svg/ios-trending-up.svg",
        "/assets/svg/ios-trophy.svg",
        "/assets/svg/ios-tv.svg",
        "/assets/svg/ios-umbrella.svg",
        "/assets/svg/ios-undo.svg",
        "/assets/svg/ios-unlock.svg",
        "/assets/svg/ios-videocam.svg",
        "/assets/svg/ios-volume-high.svg",
        "/assets/svg/ios-volume-low.svg",
        "/assets/svg/ios-volume-mute.svg",
        "/assets/svg/ios-volume-off.svg",
        "/assets/svg/ios-walk.svg",
        "/assets/svg/ios-wallet.svg",
        "/assets/svg/ios-warning.svg",
        "/assets/svg/ios-watch.svg",
        "/assets/svg/ios-water.svg",
        "/assets/svg/ios-wifi.svg",
        "/assets/svg/ios-wine.svg",
        "/assets/svg/ios-woman.svg",
        "/assets/svg/logo-android.svg",
        "/assets/svg/logo-angular.svg",
        "/assets/svg/logo-apple.svg",
        "/assets/svg/logo-bitbucket.svg",
        "/assets/svg/logo-bitcoin.svg",
        "/assets/svg/logo-buffer.svg",
        "/assets/svg/logo-chrome.svg",
        "/assets/svg/logo-closed-captioning.svg",
        "/assets/svg/logo-codepen.svg",
        "/assets/svg/logo-css3.svg",
        "/assets/svg/logo-designernews.svg",
        "/assets/svg/logo-dribbble.svg",
        "/assets/svg/logo-dropbox.svg",
        "/assets/svg/logo-euro.svg",
        "/assets/svg/logo-facebook.svg",
        "/assets/svg/logo-flickr.svg",
        "/assets/svg/logo-foursquare.svg",
        "/assets/svg/logo-freebsd-devil.svg",
        "/assets/svg/logo-game-controller-a.svg",
        "/assets/svg/logo-game-controller-b.svg",
        "/assets/svg/logo-github.svg",
        "/assets/svg/logo-google.svg",
        "/assets/svg/logo-googleplus.svg",
        "/assets/svg/logo-hackernews.svg",
        "/assets/svg/logo-html5.svg",
        "/assets/svg/logo-instagram.svg",
        "/assets/svg/logo-ionic.svg",
        "/assets/svg/logo-ionitron.svg",
        "/assets/svg/logo-javascript.svg",
        "/assets/svg/logo-linkedin.svg",
        "/assets/svg/logo-markdown.svg",
        "/assets/svg/logo-model-s.svg",
        "/assets/svg/logo-no-smoking.svg",
        "/assets/svg/logo-nodejs.svg",
        "/assets/svg/logo-npm.svg",
        "/assets/svg/logo-octocat.svg",
        "/assets/svg/logo-pinterest.svg",
        "/assets/svg/logo-playstation.svg",
        "/assets/svg/logo-polymer.svg",
        "/assets/svg/logo-python.svg",
        "/assets/svg/logo-reddit.svg",
        "/assets/svg/logo-rss.svg",
        "/assets/svg/logo-sass.svg",
        "/assets/svg/logo-skype.svg",
        "/assets/svg/logo-slack.svg",
        "/assets/svg/logo-snapchat.svg",
        "/assets/svg/logo-steam.svg",
        "/assets/svg/logo-tumblr.svg",
        "/assets/svg/logo-tux.svg",
        "/assets/svg/logo-twitch.svg",
        "/assets/svg/logo-twitter.svg",
        "/assets/svg/logo-usd.svg",
        "/assets/svg/logo-vimeo.svg",
        "/assets/svg/logo-vk.svg",
        "/assets/svg/logo-whatsapp.svg",
        "/assets/svg/logo-windows.svg",
        "/assets/svg/logo-wordpress.svg",
        "/assets/svg/logo-xbox.svg",
        "/assets/svg/logo-xing.svg",
        "/assets/svg/logo-yahoo.svg",
        "/assets/svg/logo-yen.svg",
        "/assets/svg/logo-youtube.svg",
        "/assets/svg/md-add-circle-outline.svg",
        "/assets/svg/md-add-circle.svg",
        "/assets/svg/md-add.svg",
        "/assets/svg/md-airplane.svg",
        "/assets/svg/md-alarm.svg",
        "/assets/svg/md-albums.svg",
        "/assets/svg/md-alert.svg",
        "/assets/svg/md-american-football.svg",
        "/assets/svg/md-analytics.svg",
        "/assets/svg/md-aperture.svg",
        "/assets/svg/md-apps.svg",
        "/assets/svg/md-appstore.svg",
        "/assets/svg/md-archive.svg",
        "/assets/svg/md-arrow-back.svg",
        "/assets/svg/md-arrow-down.svg",
        "/assets/svg/md-arrow-dropdown-circle.svg",
        "/assets/svg/md-arrow-dropdown.svg",
        "/assets/svg/md-arrow-dropleft-circle.svg",
        "/assets/svg/md-arrow-dropleft.svg",
        "/assets/svg/md-arrow-dropright-circle.svg",
        "/assets/svg/md-arrow-dropright.svg",
        "/assets/svg/md-arrow-dropup-circle.svg",
        "/assets/svg/md-arrow-dropup.svg",
        "/assets/svg/md-arrow-forward.svg",
        "/assets/svg/md-arrow-round-back.svg",
        "/assets/svg/md-arrow-round-down.svg",
        "/assets/svg/md-arrow-round-forward.svg",
        "/assets/svg/md-arrow-round-up.svg",
        "/assets/svg/md-arrow-up.svg",
        "/assets/svg/md-at.svg",
        "/assets/svg/md-attach.svg",
        "/assets/svg/md-backspace.svg",
        "/assets/svg/md-barcode.svg",
        "/assets/svg/md-baseball.svg",
        "/assets/svg/md-basket.svg",
        "/assets/svg/md-basketball.svg",
        "/assets/svg/md-battery-charging.svg",
        "/assets/svg/md-battery-dead.svg",
        "/assets/svg/md-battery-full.svg",
        "/assets/svg/md-beaker.svg",
        "/assets/svg/md-bed.svg",
        "/assets/svg/md-beer.svg",
        "/assets/svg/md-bicycle.svg",
        "/assets/svg/md-bluetooth.svg",
        "/assets/svg/md-boat.svg",
        "/assets/svg/md-body.svg",
        "/assets/svg/md-bonfire.svg",
        "/assets/svg/md-book.svg",
        "/assets/svg/md-bookmark.svg",
        "/assets/svg/md-bookmarks.svg",
        "/assets/svg/md-bowtie.svg",
        "/assets/svg/md-briefcase.svg",
        "/assets/svg/md-browsers.svg",
        "/assets/svg/md-brush.svg",
        "/assets/svg/md-bug.svg",
        "/assets/svg/md-build.svg",
        "/assets/svg/md-bulb.svg",
        "/assets/svg/md-bus.svg",
        "/assets/svg/md-business.svg",
        "/assets/svg/md-cafe.svg",
        "/assets/svg/md-calculator.svg",
        "/assets/svg/md-calendar.svg",
        "/assets/svg/md-call.svg",
        "/assets/svg/md-camera.svg",
        "/assets/svg/md-car.svg",
        "/assets/svg/md-card.svg",
        "/assets/svg/md-cart.svg",
        "/assets/svg/md-cash.svg",
        "/assets/svg/md-cellular.svg",
        "/assets/svg/md-chatboxes.svg",
        "/assets/svg/md-chatbubbles.svg",
        "/assets/svg/md-checkbox-outline.svg",
        "/assets/svg/md-checkbox.svg",
        "/assets/svg/md-checkmark-circle-outline.svg",
        "/assets/svg/md-checkmark-circle.svg",
        "/assets/svg/md-checkmark.svg",
        "/assets/svg/md-clipboard.svg",
        "/assets/svg/md-clock.svg",
        "/assets/svg/md-close-circle-outline.svg",
        "/assets/svg/md-close-circle.svg",
        "/assets/svg/md-close.svg",
        "/assets/svg/md-cloud-circle.svg",
        "/assets/svg/md-cloud-done.svg",
        "/assets/svg/md-cloud-download.svg",
        "/assets/svg/md-cloud-outline.svg",
        "/assets/svg/md-cloud-upload.svg",
        "/assets/svg/md-cloud.svg",
        "/assets/svg/md-cloudy-night.svg",
        "/assets/svg/md-cloudy.svg",
        "/assets/svg/md-code-download.svg",
        "/assets/svg/md-code-working.svg",
        "/assets/svg/md-code.svg",
        "/assets/svg/md-cog.svg",
        "/assets/svg/md-color-fill.svg",
        "/assets/svg/md-color-filter.svg",
        "/assets/svg/md-color-palette.svg",
        "/assets/svg/md-color-wand.svg",
        "/assets/svg/md-compass.svg",
        "/assets/svg/md-construct.svg",
        "/assets/svg/md-contact.svg",
        "/assets/svg/md-contacts.svg",
        "/assets/svg/md-contract.svg",
        "/assets/svg/md-contrast.svg",
        "/assets/svg/md-copy.svg",
        "/assets/svg/md-create.svg",
        "/assets/svg/md-crop.svg",
        "/assets/svg/md-cube.svg",
        "/assets/svg/md-cut.svg",
        "/assets/svg/md-desktop.svg",
        "/assets/svg/md-disc.svg",
        "/assets/svg/md-document.svg",
        "/assets/svg/md-done-all.svg",
        "/assets/svg/md-download.svg",
        "/assets/svg/md-easel.svg",
        "/assets/svg/md-egg.svg",
        "/assets/svg/md-exit.svg",
        "/assets/svg/md-expand.svg",
        "/assets/svg/md-eye-off.svg",
        "/assets/svg/md-eye.svg",
        "/assets/svg/md-fastforward.svg",
        "/assets/svg/md-female.svg",
        "/assets/svg/md-filing.svg",
        "/assets/svg/md-film.svg",
        "/assets/svg/md-finger-print.svg",
        "/assets/svg/md-fitness.svg",
        "/assets/svg/md-flag.svg",
        "/assets/svg/md-flame.svg",
        "/assets/svg/md-flash-off.svg",
        "/assets/svg/md-flash.svg",
        "/assets/svg/md-flashlight.svg",
        "/assets/svg/md-flask.svg",
        "/assets/svg/md-flower.svg",
        "/assets/svg/md-folder-open.svg",
        "/assets/svg/md-folder.svg",
        "/assets/svg/md-football.svg",
        "/assets/svg/md-funnel.svg",
        "/assets/svg/md-gift.svg",
        "/assets/svg/md-git-branch.svg",
        "/assets/svg/md-git-commit.svg",
        "/assets/svg/md-git-compare.svg",
        "/assets/svg/md-git-merge.svg",
        "/assets/svg/md-git-network.svg",
        "/assets/svg/md-git-pull-request.svg",
        "/assets/svg/md-glasses.svg",
        "/assets/svg/md-globe.svg",
        "/assets/svg/md-grid.svg",
        "/assets/svg/md-hammer.svg",
        "/assets/svg/md-hand.svg",
        "/assets/svg/md-happy.svg",
        "/assets/svg/md-headset.svg",
        "/assets/svg/md-heart-dislike.svg",
        "/assets/svg/md-heart-empty.svg",
        "/assets/svg/md-heart-half.svg",
        "/assets/svg/md-heart.svg",
        "/assets/svg/md-help-buoy.svg",
        "/assets/svg/md-help-circle-outline.svg",
        "/assets/svg/md-help-circle.svg",
        "/assets/svg/md-help.svg",
        "/assets/svg/md-home.svg",
        "/assets/svg/md-hourglass.svg",
        "/assets/svg/md-ice-cream.svg",
        "/assets/svg/md-image.svg",
        "/assets/svg/md-images.svg",
        "/assets/svg/md-infinite.svg",
        "/assets/svg/md-information-circle-outline.svg",
        "/assets/svg/md-information-circle.svg",
        "/assets/svg/md-information.svg",
        "/assets/svg/md-jet.svg",
        "/assets/svg/md-journal.svg",
        "/assets/svg/md-key.svg",
        "/assets/svg/md-keypad.svg",
        "/assets/svg/md-laptop.svg",
        "/assets/svg/md-leaf.svg",
        "/assets/svg/md-link.svg",
        "/assets/svg/md-list-box.svg",
        "/assets/svg/md-list.svg",
        "/assets/svg/md-locate.svg",
        "/assets/svg/md-lock.svg",
        "/assets/svg/md-log-in.svg",
        "/assets/svg/md-log-out.svg",
        "/assets/svg/md-magnet.svg",
        "/assets/svg/md-mail-open.svg",
        "/assets/svg/md-mail-unread.svg",
        "/assets/svg/md-mail.svg",
        "/assets/svg/md-male.svg",
        "/assets/svg/md-man.svg",
        "/assets/svg/md-map.svg",
        "/assets/svg/md-medal.svg",
        "/assets/svg/md-medical.svg",
        "/assets/svg/md-medkit.svg",
        "/assets/svg/md-megaphone.svg",
        "/assets/svg/md-menu.svg",
        "/assets/svg/md-mic-off.svg",
        "/assets/svg/md-mic.svg",
        "/assets/svg/md-microphone.svg",
        "/assets/svg/md-moon.svg",
        "/assets/svg/md-more.svg",
        "/assets/svg/md-move.svg",
        "/assets/svg/md-musical-note.svg",
        "/assets/svg/md-musical-notes.svg",
        "/assets/svg/md-navigate.svg",
        "/assets/svg/md-notifications-off.svg",
        "/assets/svg/md-notifications-outline.svg",
        "/assets/svg/md-notifications.svg",
        "/assets/svg/md-nuclear.svg",
        "/assets/svg/md-nutrition.svg",
        "/assets/svg/md-open.svg",
        "/assets/svg/md-options.svg",
        "/assets/svg/md-outlet.svg",
        "/assets/svg/md-paper-plane.svg",
        "/assets/svg/md-paper.svg",
        "/assets/svg/md-partly-sunny.svg",
        "/assets/svg/md-pause.svg",
        "/assets/svg/md-paw.svg",
        "/assets/svg/md-people.svg",
        "/assets/svg/md-person-add.svg",
        "/assets/svg/md-person.svg",
        "/assets/svg/md-phone-landscape.svg",
        "/assets/svg/md-phone-portrait.svg",
        "/assets/svg/md-photos.svg",
        "/assets/svg/md-pie.svg",
        "/assets/svg/md-pin.svg",
        "/assets/svg/md-pint.svg",
        "/assets/svg/md-pizza.svg",
        "/assets/svg/md-planet.svg",
        "/assets/svg/md-play-circle.svg",
        "/assets/svg/md-play.svg",
        "/assets/svg/md-podium.svg",
        "/assets/svg/md-power.svg",
        "/assets/svg/md-pricetag.svg",
        "/assets/svg/md-pricetags.svg",
        "/assets/svg/md-print.svg",
        "/assets/svg/md-pulse.svg",
        "/assets/svg/md-qr-scanner.svg",
        "/assets/svg/md-quote.svg",
        "/assets/svg/md-radio-button-off.svg",
        "/assets/svg/md-radio-button-on.svg",
        "/assets/svg/md-radio.svg",
        "/assets/svg/md-rainy.svg",
        "/assets/svg/md-recording.svg",
        "/assets/svg/md-redo.svg",
        "/assets/svg/md-refresh-circle.svg",
        "/assets/svg/md-refresh.svg",
        "/assets/svg/md-remove-circle-outline.svg",
        "/assets/svg/md-remove-circle.svg",
        "/assets/svg/md-remove.svg",
        "/assets/svg/md-reorder.svg",
        "/assets/svg/md-repeat.svg",
        "/assets/svg/md-resize.svg",
        "/assets/svg/md-restaurant.svg",
        "/assets/svg/md-return-left.svg",
        "/assets/svg/md-return-right.svg",
        "/assets/svg/md-reverse-camera.svg",
        "/assets/svg/md-rewind.svg",
        "/assets/svg/md-ribbon.svg",
        "/assets/svg/md-rocket.svg",
        "/assets/svg/md-rose.svg",
        "/assets/svg/md-sad.svg",
        "/assets/svg/md-save.svg",
        "/assets/svg/md-school.svg",
        "/assets/svg/md-search.svg",
        "/assets/svg/md-send.svg",
        "/assets/svg/md-settings.svg",
        "/assets/svg/md-share-alt.svg",
        "/assets/svg/md-share.svg",
        "/assets/svg/md-shirt.svg",
        "/assets/svg/md-shuffle.svg",
        "/assets/svg/md-skip-backward.svg",
        "/assets/svg/md-skip-forward.svg",
        "/assets/svg/md-snow.svg",
        "/assets/svg/md-speedometer.svg",
        "/assets/svg/md-square-outline.svg",
        "/assets/svg/md-square.svg",
        "/assets/svg/md-star-half.svg",
        "/assets/svg/md-star-outline.svg",
        "/assets/svg/md-star.svg",
        "/assets/svg/md-stats.svg",
        "/assets/svg/md-stopwatch.svg",
        "/assets/svg/md-subway.svg",
        "/assets/svg/md-sunny.svg",
        "/assets/svg/md-swap.svg",
        "/assets/svg/md-switch.svg",
        "/assets/svg/md-sync.svg",
        "/assets/svg/md-tablet-landscape.svg",
        "/assets/svg/md-tablet-portrait.svg",
        "/assets/svg/md-tennisball.svg",
        "/assets/svg/md-text.svg",
        "/assets/svg/md-thermometer.svg",
        "/assets/svg/md-thumbs-down.svg",
        "/assets/svg/md-thumbs-up.svg",
        "/assets/svg/md-thunderstorm.svg",
        "/assets/svg/md-time.svg",
        "/assets/svg/md-timer.svg",
        "/assets/svg/md-today.svg",
        "/assets/svg/md-train.svg",
        "/assets/svg/md-transgender.svg",
        "/assets/svg/md-trash.svg",
        "/assets/svg/md-trending-down.svg",
        "/assets/svg/md-trending-up.svg",
        "/assets/svg/md-trophy.svg",
        "/assets/svg/md-tv.svg",
        "/assets/svg/md-umbrella.svg",
        "/assets/svg/md-undo.svg",
        "/assets/svg/md-unlock.svg",
        "/assets/svg/md-videocam.svg",
        "/assets/svg/md-volume-high.svg",
        "/assets/svg/md-volume-low.svg",
        "/assets/svg/md-volume-mute.svg",
        "/assets/svg/md-volume-off.svg",
        "/assets/svg/md-walk.svg",
        "/assets/svg/md-wallet.svg",
        "/assets/svg/md-warning.svg",
        "/assets/svg/md-watch.svg",
        "/assets/svg/md-water.svg",
        "/assets/svg/md-wifi.svg",
        "/assets/svg/md-wine.svg",
        "/assets/svg/md-woman.svg"
      ],
      "patterns": []
    }
  ],
  "dataGroups": [],
  "hashTable": {
    "/1229.d555670ac241b83bca04.js": "bac4b131c2ca32b69ba50e2c02f199addd7014e4",
    "/134.ac69634f6078a1cbd596.js": "d042c07b48a416a2247439cd8eb997931dec4d5c",
    "/1419.a427815c0333226675f1.js": "5311f55665efe2c81e9712f48f708014da9f5a17",
    "/1571.d18cf44e0df03e36ac6a.js": "5d57bc05a0c150cc71a2cc100b0303e0cc19dc59",
    "/172.0cc3a086bb9178d94b14.js": "c7fcc00a74f85ea8aa999d084ee42f4db7330a0d",
    "/1761.506eff0e3f61b53af326.js": "ecf74d787e2548aad8d8aa40619337aec1890d95",
    "/1843.2ae589e54ac0db3e687c.js": "1ed0a6812593b4e39b12428ec83a00b20f8488d2",
    "/1864.2c1b93b8cc581e1851b8.js": "6998de25c1b7e51990b0f2f83a3b75bfa040e75d",
    "/1988.9a07b780faa515814cd4.js": "e99eed6cff505e27b4d019a6223795a1c1804f1e",
    "/202.c7844e5197e0604f0353.js": "fa237c1aba32b31f6fb03d325800a9cf87d75d11",
    "/2099.d3d74801f071514ee407.js": "a16c3e3c63d565a2494d5703e8f16fadb1ba4b03",
    "/2104.ac2ce907f22bb9cb899a.js": "4a07e0ddf0ce835c699fe975fc8399a30bec239f",
    "/2214.4d57e2ae48ce1c9e46ef.js": "d8264836c70e72c447f0a3ed84f487dfb5c31df5",
    "/2369.e95de0122992efae15ba.js": "601059d7086b9f33c7a4b5eea181fdcae23256dd",
    "/2441.f7ead9387b7d1d5bbfc5.js": "31f303ddb9b905652b8b3258bf4890014378f67a",
    "/26.539ff4b840758ec63e37.js": "53b1284c28b1a1ae4a7d5b79879d6c9a042baa42",
    "/2756.883b25cc77a4ffc897bd.js": "ef806c310d49fda8cd4f776bd294405cf813e0e5",
    "/2899.0278b6e73ce74612c335.js": "783ec4309688dd2554e2dc4ef97e8050d1048a66",
    "/2981.fd6c640632283d0f0f87.js": "f029f59cc6ef643e508f7d1f320194b6ba3361a9",
    "/3111.b9e091663229b0f0d428.js": "42e360b2426000610d6ac381478b8656352f322d",
    "/3536.d9b3e85bcb895cfc22a0.js": "bfc7c3861cbdc0d82d9a692bae5a8a3a5766646b",
    "/4054.1016f82c44feb25217c9.js": "b61289c9c56cf3e59f2f47af98151baf49c88465",
    "/4429.6ff498c3bb4768234a51.js": "1976f459781d77601d872073ca3cfe82c076df4a",
    "/4468.c1ea730063b891760ddc.js": "17cc9788a78d79b2ef26804d026fc9c1f3bc3ef6",
    "/4473.a7639b64c432ebcd9d25.js": "736d4fadaab6bc05f5ae939a0afccbfb964ce5c2",
    "/4558.d63cd251bed30a4be629.js": "ec2ad99807229ad3943c7349686405d866c5cb0f",
    "/4666.f0cc9b4c7ed6ce4b39ac.js": "9299754161c7d4eb31640cf64eba788398c92540",
    "/497.2b73688654d0e2ce02b1.js": "1fce87176f2cfd5b277140e8747aa0192e781b78",
    "/5102.fac7341809379e858ed4.js": "c9114dbd6358fcd6e8cd5bdb15d329ee7b20c9b2",
    "/5269.6c4a7053be422d139cc6.js": "313cc785a265197a7560deb6609ca751b271112e",
    "/5643.ce681044d497f9c4a437.js": "40814984f44b0c037b1cc21fb8344b65b958679b",
    "/5670.63e0f443604f966ae617.js": "254a55620b94f5b01a1bb5a782b0478e737d0924",
    "/5737.ee65059bca193bf24bfe.js": "bab9e734fd69fa541d3f47da25dbd71671b5107a",
    "/5798.119f4a73a92dc625d0d5.js": "dcefd64e80916defe928f61d41c41bf1173b6c8f",
    "/608.8cf37d32d9c884f57125.js": "6575d748175bfc2536491475f034e8b8b955c34f",
    "/6210.0f4ad32881e30cc25cb6.js": "8f442aea490cb9c641ea87a8f4556217765fbc94",
    "/6267.1ce78743e86617f54a94.js": "470b498caab8c5a6f201c05209bf1e1f13233af2",
    "/648.0584c62ed44cd467507a.js": "78b4e3d90b2c715048830c951c81065da68399dc",
    "/6503.a8366c00950963d50b3b.js": "3a395446d9f8484e3d3c2af6f56a3ede382db40d",
    "/6726.dfe8db2eacf31920728b.js": "aa14deb43e1e21401fabced40151276288f4c470",
    "/6748.2275392aa5ea7b24d28c.js": "4ce911ff6bb378f0ddbfda5de8a628be2d3b851f",
    "/6776.9787ef42feb20db8ed1c.js": "784f1dec5e847355093e26b66bcf35fb9e239582",
    "/7132.8ab755442622d1c71112.js": "08b9f9d93ab9f31fc05781517ce6eb6d2f9e1b44",
    "/72.2e32bf01384a92e0b972.js": "4dd233051bc65dceeb307b4ade1566cd42a7efd3",
    "/7333.ce6c96f6e06e94dfd8e3.js": "de20aae2e6a363727dd4dada225a7e32847bf7f4",
    "/7355.1bf83bb351e268824919.js": "ca90c4de1120f3174b8f0f8694d363a8ba405406",
    "/7438.53c57810de9c5a11d70a.js": "c03ba68652e2846ec5e5fbfe5b992d9383ffc2cf",
    "/7701.a12107c116a5ad3ec929.js": "c0b97b0ca8c741e3f10246516026008c98ced5f6",
    "/7809.5c887d52e73e1c54875d.js": "e4d0f3060f0c8c4ba420b66cc302e92ab6c8bc91",
    "/8013.d517d50f32e945e6ffa5.js": "c2a1fb557b79a2b38013b34f5f2da31016c6f064",
    "/8082.88c6f68ae7dc1c35002b.js": "a6a7e3c7b566dbd61edf99e2c5876510c95c012d",
    "/8233.282d7523e6d589bcd334.js": "5a44418775e8fda07b4b80476ea708568d728a10",
    "/8377.f6674c18f4218b4ede5a.js": "698a58e4b69cb98e641ab999518677875a7304f2",
    "/8424.f33f098a6437fd6c053e.js": "ed36338731bc9e175c77efe4d0ab1b6d01cb98a8",
    "/845.d65b3973eb16f2540ff4.js": "62cb3e3f774a0ea9f77964a893edfca9cfeac27b",
    "/8457.2e801272724f0f3fc82e.js": "956fe89e6f0bfcd73cefe8a371b19ce78fac4669",
    "/8588.29289fd1f016247ab427.js": "3eec254cc61a8edd178997b1a4a90000ac4a1226",
    "/8592.0ca8736df862518a96f5.js": "04c8192d5332332d168f9a0b54b9c2236d408954",
    "/8955.1d4d49466fce366163ed.js": "71d8a2cdecd1c7c1018a5d916126c4271d130e25",
    "/9238.f1c8aea2f9946795560d.js": "d06846971051c235f17ef67576e991d7ffb9d7b5",
    "/9279.36d256a7cf285fcee2e7.js": "dd2307c3b98488b9f7080f1a5fab4f40d2f26a6a",
    "/9454.f7f0a51480543a5f3245.js": "88983029cef52beabf0516c3c56bca94e6bf1bb9",
    "/9561.baf6179e8cc67f409569.js": "e2b90b2d0553c37e11d2181c785e91ae2c87cf15",
    "/9605.be9632dda76bfbb292a5.js": "6e626cbb57e145446d057f2a6abd1b4186e26e46",
    "/966.d3d44f4af74b4e7da1ba.js": "81f49cd6b089e23acacf5507fa02e9db972c4fee",
    "/967.eebe3b0ab8f6d8faef2a.js": "66d8110db3ea4ce0f87c5064e54b30fccb41dba3",
    "/9690.49d1124cfe86f0c25e69.js": "19494391b889064b16d04626fea52daa58505c45",
    "/9712.5561a2e76f6ce661c4a2.js": "552216f3ed39caacc85bbc70dcdbc3a6eb9c85a9",
    "/assets/avatars/av-1.png": "fb79a34959d70cfc019028f2462c189d4682e62a",
    "/assets/avatars/av-2.png": "3f07c0ec9b9909c17e52ae1bdb4bbcb96d3331a3",
    "/assets/avatars/av-3.png": "9734e28436132596dc67c017c5975ba351fcd2d9",
    "/assets/avatars/av-4.png": "efe1a75e6ebb9371d4bdb770771407b752e5ee18",
    "/assets/avatars/av-5.png": "9e9570c1f992b94904ba3c36092e77e7442f4ded",
    "/assets/avatars/av-6.png": "34fa57b8172ee6ef55060ab37c9970ad83c93cb5",
    "/assets/avatars/av-7.png": "f171f00519e1e3d0ea9abd5d5caf40ffae77353e",
    "/assets/avatars/av-8.png": "48736db08cdfe6a8efb195b0d7e1202cbf608acc",
    "/assets/capacitor.config.ts": "fa267a3e4d557bb41877557c3a85f5e65a837205",
    "/assets/emoticonos1-10/1-muy-mal.svg": "fb8b43e991d958139fb41630fef079fb1ee671f7",
    "/assets/emoticonos1-10/2-mal.svg": "c01133051808bad268118e81ac760b6c5821f327",
    "/assets/emoticonos1-10/3-regular.svg": "79218cddf4b4c831f7a7f687522107bf70efb85b",
    "/assets/emoticonos1-10/4-no-tan-bien.svg": "c84c08a8f7bd1cedc0043750e644ad0f504b5534",
    "/assets/emoticonos1-10/5-bien.svg": "9dca1771e458713e4485562e13363748d6621544",
    "/assets/emoticonos1-10/6-muy-bien.svg": "ad07fb3c08b021960ead8bed88ceff0d1d14af4c",
    "/assets/emoticonos1-10/7-optimo.svg": "b4a333613a28893818a0285b242445734dc34bff",
    "/assets/emoticonos1-10/8-excelente.svg": "bd98cc8e68e7cdabd29b694195bb6ba4bdb0cbab",
    "/assets/emoticonos1-10/9-perfecto.svg": "5437291bc9810b326a2364411250baf90cac9199",
    "/assets/emoticonos1-10/barvital.svg": "59fdc2ecdbca5cb35ea9a0aaa613e7f70e4ae293",
    "/assets/icon/favicon.png": "7798b8e0eb61d7375c245af78bbf5c916932bf13",
    "/assets/icons/icon-128x128.png": "dae3b6ed49bdaf4327b92531d4b5b4a5d30c7532",
    "/assets/icons/icon-144x144.png": "b0bd89982e08f9bd2b642928f5391915b74799a7",
    "/assets/icons/icon-152x152.png": "7479a9477815dfd9668d60f8b3b2fba709b91310",
    "/assets/icons/icon-192x192.png": "1abd80d431a237a853ce38147d8c63752f10933b",
    "/assets/icons/icon-384x384.png": "329749cd6393768d3131ed6304c136b1ca05f2fd",
    "/assets/icons/icon-512x512.png": "559d9c4318b45a1f2b10596bbb4c960fe521dbcc",
    "/assets/icons/icon-72x72.png": "c457e56089a36952cd67156f9996bc4ce54a5ed9",
    "/assets/icons/icon-96x96.png": "3914125a4b445bf111c5627875fc190f560daa41",
    "/assets/perro-1.jpg": "d690bf40124c86699f0b63ac7d2b85ed9f5323eb",
    "/assets/perro-2.jpg": "85822698c73cd2a06dc0f65e3cf5f894e4eea3b2",
    "/assets/perro-3.jpg": "a3ce3a91f522437173102dddb96ababcdccbe76c",
    "/assets/shapes.svg": "5413e95adabcb2cb639970051f55e0ddb64ace53",
    "/assets/svg/index.d.ts": "c03ee900cb5a2f5b1a403a8613f14a2ad665a9e3",
    "/assets/svg/index.js": "3c3714221413db909583b62f2f3c090888ac6736",
    "/assets/svg/index.mjs": "f085e72097761fb8881b7783ffa4183cdb16e8d1",
    "/assets/svg/ionicons.designerpack.zip": "514a74120bf207842b09a5bf47724947baedf5f5",
    "/assets/svg/ios-add-circle-outline.svg": "04f25ce593bf38525d544693239147602359a550",
    "/assets/svg/ios-add-circle.svg": "2fe356e13c37ae40745edffc298e06aefa447f10",
    "/assets/svg/ios-add.svg": "cd88f173a031124e18807b6cde9028519a0be26d",
    "/assets/svg/ios-airplane.svg": "7fe51a1910adeb9d8e546ba49bf361782b5672b7",
    "/assets/svg/ios-alarm.svg": "da11c8c1fe8c3045c11c7ace64382c2b3fd9cd4f",
    "/assets/svg/ios-albums.svg": "cbc4d846aa86627ec70e09db2a73461af3688de6",
    "/assets/svg/ios-alert.svg": "cbad184226b73328723a2d6172dbd5b510f84af2",
    "/assets/svg/ios-american-football.svg": "19df4c4f4dde47ab61f99f81d6830d437c878446",
    "/assets/svg/ios-analytics.svg": "7dccbd54a33f64ee9f38d279b03b340d4d2a4954",
    "/assets/svg/ios-aperture.svg": "c5229d898804cae89c4550e0dabf2935f6320bd7",
    "/assets/svg/ios-apps.svg": "6c60da4100a8ec38199b7d033ab839b98573d421",
    "/assets/svg/ios-appstore.svg": "ecf7ee62fa8f1dcdb4a01a10e470c73b3f280403",
    "/assets/svg/ios-archive.svg": "2c9284fe728dc564138f158f4c42d50270e47855",
    "/assets/svg/ios-arrow-back.svg": "4c894ee08481d209ef1cb04891eadb14ef392d19",
    "/assets/svg/ios-arrow-down.svg": "bdea2c7755275bd67146d5ac53744b2763b5b743",
    "/assets/svg/ios-arrow-dropdown-circle.svg": "6dbe3f8722d183d66b0725e64d0b7609a8f3c5fc",
    "/assets/svg/ios-arrow-dropdown.svg": "9c9f56f66013d484259e51f28dff83301410d3d4",
    "/assets/svg/ios-arrow-dropleft-circle.svg": "74891ce1ec3cc745035ecf6592b7517fd78b12ab",
    "/assets/svg/ios-arrow-dropleft.svg": "10957ab3a62fa6a6c79f78ee7448215fe40cd508",
    "/assets/svg/ios-arrow-dropright-circle.svg": "5e64f8c5168e1fb60603d62f6b78c699832e6143",
    "/assets/svg/ios-arrow-dropright.svg": "574352c8649fafd295240a72118a11deab6c9642",
    "/assets/svg/ios-arrow-dropup-circle.svg": "7b9b0b26fc7a2fcfc0df37e97d9425c78a849d68",
    "/assets/svg/ios-arrow-dropup.svg": "e52841d66e7f4906987b8bc29c4a423353926f42",
    "/assets/svg/ios-arrow-forward.svg": "7854d8f53d520adb3acad113439a801814a4855b",
    "/assets/svg/ios-arrow-round-back.svg": "926dce684417072ca5c64bb829cc9b2a75743f59",
    "/assets/svg/ios-arrow-round-down.svg": "740c6bbeb960c894bd9702402c5a244c8fe65174",
    "/assets/svg/ios-arrow-round-forward.svg": "d38081f2c2030f8581e77a6f9326e0050166ac03",
    "/assets/svg/ios-arrow-round-up.svg": "eda3a667741aae54bc0a6f156253b952409a3d47",
    "/assets/svg/ios-arrow-up.svg": "3bbbd15ee037692c26a789ab10ab265f0f45de25",
    "/assets/svg/ios-at.svg": "c2614b7c6257befe84581a11ab37621166d48b32",
    "/assets/svg/ios-attach.svg": "a5eb59ba9eda315aa1bf4a2a6be745862ad0bbb5",
    "/assets/svg/ios-backspace.svg": "7591d0a8dda3abcdb8038805c7d7f11f894f0cb8",
    "/assets/svg/ios-barcode.svg": "a0fa27a769e8236a1b6639c658b628405f847b4b",
    "/assets/svg/ios-baseball.svg": "224789207c80f6865653326294044d8db15bf271",
    "/assets/svg/ios-basket.svg": "28b829b3613741009ac1d085732c037cad6c3288",
    "/assets/svg/ios-basketball.svg": "c3b22e57b1701f5cbc291255d535b9b2ea8fa266",
    "/assets/svg/ios-battery-charging.svg": "16e56ea0d1c9ae7736eac6413d3314965c96a0fd",
    "/assets/svg/ios-battery-dead.svg": "9beb970d8ab6205e904ee4e82032a5d5dec74a99",
    "/assets/svg/ios-battery-full.svg": "e50eef32c625ab7cd08e6b4df0ad6e2539e3cfa5",
    "/assets/svg/ios-beaker.svg": "924dd5e7b8dfce3a9ca4ebb1efef5a50387eb67b",
    "/assets/svg/ios-bed.svg": "ef9503a5765535b3dcf757ab9b4dc8abbe78fe99",
    "/assets/svg/ios-beer.svg": "7803e397de6094e1bf8dfd008ce0bba745ac9d11",
    "/assets/svg/ios-bicycle.svg": "05c07c87c13e68e1a48dba5d073e8cd8934ecee1",
    "/assets/svg/ios-bluetooth.svg": "7335c035d4165a3ef5d9a5b524c3d7ec376853fe",
    "/assets/svg/ios-boat.svg": "236892e5d3db35f6a775be1bce2b0d144c3e462b",
    "/assets/svg/ios-body.svg": "ebdba5794ac7ac93d579afe5b3890b3543ef2a0a",
    "/assets/svg/ios-bonfire.svg": "d7ff25932d1d69564b689ac91d633f9d375c1902",
    "/assets/svg/ios-book.svg": "044c338f946fb9efc159796b6d5d4d3ca6f6ac81",
    "/assets/svg/ios-bookmark.svg": "a2edd2077601cb2b38b7757de7db3a3f90829213",
    "/assets/svg/ios-bookmarks.svg": "341b30c23178e34301cecf3bc8d533407fb31855",
    "/assets/svg/ios-bowtie.svg": "d0959da367300a2d6e3879508ef39cff1cb64f73",
    "/assets/svg/ios-briefcase.svg": "c2c337e5cbd58423b0be0c7170ef10d00e81f17c",
    "/assets/svg/ios-browsers.svg": "595a4036bc781f62c44df5a983300e63098f5a82",
    "/assets/svg/ios-brush.svg": "57ebb152cdd37bcf2d17f18e86af2891a23f6378",
    "/assets/svg/ios-bug.svg": "90da66e758dfe8cb033b17c396587101cf374afc",
    "/assets/svg/ios-build.svg": "f5b621632880ea4090eab689c1b3f87db5db1d36",
    "/assets/svg/ios-bulb.svg": "3e2ab86811a878fbd8d5633fa944b3d2636c6737",
    "/assets/svg/ios-bus.svg": "a06a860ad052381ad07b00c263775643faa047f4",
    "/assets/svg/ios-business.svg": "1355a291da70dab17f3e6749648ca9aecd2c33d8",
    "/assets/svg/ios-cafe.svg": "3e4db63277068d7c9e64293602a67042f6da3aff",
    "/assets/svg/ios-calculator.svg": "6ea2f1bf8f96c8ecf120860f4d9c5583348feab4",
    "/assets/svg/ios-calendar.svg": "cbe0e87973ebf60d02f154f1ab3fbf09c974f324",
    "/assets/svg/ios-call.svg": "e41ce96ad2a8bf44528240de2fa96f06e71cf515",
    "/assets/svg/ios-camera.svg": "96be24b27bfde789930f711e8b396414b415a129",
    "/assets/svg/ios-car.svg": "41cde9d961b4f13ae6c6423afed55af109952679",
    "/assets/svg/ios-card.svg": "cabff70468db2f6c8d6149558f73521924d5423a",
    "/assets/svg/ios-cart.svg": "0f63a8a04c74a09cac899151e67274e209187eb4",
    "/assets/svg/ios-cash.svg": "a4944d5218c07847c565cd6a8032bd439503e9f3",
    "/assets/svg/ios-cellular.svg": "50922d92e27117178ebc552aba5dd6cfaf53760b",
    "/assets/svg/ios-chatboxes.svg": "f50966a65fdecb71af087c8491f7a4deb0a39d9f",
    "/assets/svg/ios-chatbubbles.svg": "2472620e09bfde05f625f70b0435bf2616d8b546",
    "/assets/svg/ios-checkbox-outline.svg": "97b702ed929fc0c092a6378bf5f5dfdd1def8fd8",
    "/assets/svg/ios-checkbox.svg": "fef72d1a2a551e928c52d2f160e2b3ab3bf764af",
    "/assets/svg/ios-checkmark-circle-outline.svg": "973e20eca69d8ec3718f619476d5c7019f258eaf",
    "/assets/svg/ios-checkmark-circle.svg": "ebfe80565edc91b782fb1155cc31c28538c89c98",
    "/assets/svg/ios-checkmark.svg": "8a9962a3f8eb8ac5a854648996f309f022d3a6c9",
    "/assets/svg/ios-clipboard.svg": "10e798d5911dee923fadc1ed00ce4c6e4d1413ba",
    "/assets/svg/ios-clock.svg": "9070dbf96956824f6df6183a12acd1f6e255b9ce",
    "/assets/svg/ios-close-circle-outline.svg": "d55507d835ee9a1290429a36f52a732790d93f5c",
    "/assets/svg/ios-close-circle.svg": "5e4f751c112571045de9d05727db31df7ec69b83",
    "/assets/svg/ios-close.svg": "8bd47ca2056a0b68667a94fd190c26d88df6c18f",
    "/assets/svg/ios-cloud-circle.svg": "e4f76b4049e65640920a1b5b03631495540bb8f4",
    "/assets/svg/ios-cloud-done.svg": "57b7136a0b0567d5bda5017959df50fa58a53cb6",
    "/assets/svg/ios-cloud-download.svg": "689354275b1ba4d8a12f0dbf32beaa0177a4784b",
    "/assets/svg/ios-cloud-outline.svg": "08d96cbe8e0be328ad838c34db22b3e787e5ca8b",
    "/assets/svg/ios-cloud-upload.svg": "04c25a361096a057e99561c349c1a90050dc6277",
    "/assets/svg/ios-cloud.svg": "6e83bacde73243535e3c8e703049a0ce2a31acfe",
    "/assets/svg/ios-cloudy-night.svg": "bd22e91a07cc098a7381573dde846021bb7e0c4b",
    "/assets/svg/ios-cloudy.svg": "f8494cc05d4b732a206e16a59157e5aa67eb47cb",
    "/assets/svg/ios-code-download.svg": "685259522a182f5729e7c067ea0c465566a7105a",
    "/assets/svg/ios-code-working.svg": "b30b3f323016ac6ed0783356bd03581bb26f1457",
    "/assets/svg/ios-code.svg": "4955e3627ed4f3021032f8231f8d256143b2549c",
    "/assets/svg/ios-cog.svg": "fe0b31fa427e29dd436fc4c10408afdc1668f840",
    "/assets/svg/ios-color-fill.svg": "b17742ee9252402ae16a272d2e3d83321e25acc5",
    "/assets/svg/ios-color-filter.svg": "7d0e0d092eb258a64a0da8979480b6a33a6e204d",
    "/assets/svg/ios-color-palette.svg": "b19c0d7470befd4dc242d859b3b83d3235026ccb",
    "/assets/svg/ios-color-wand.svg": "dfdf2bc18e60c3d51799033e8f662b5f0c423012",
    "/assets/svg/ios-compass.svg": "5fed850cb3da6f3f82d66ac8ae4e41fd3db94408",
    "/assets/svg/ios-construct.svg": "67bd309a87c9b714c3551eb6d1abfcb7259521f3",
    "/assets/svg/ios-contact.svg": "cc2784cb3b0efc38b021775bb59a77168db60b2b",
    "/assets/svg/ios-contacts.svg": "c6e1722f11d02f7f946210814e724513c70f42df",
    "/assets/svg/ios-contract.svg": "f7aeadd035fd51a77f704dfa5b79e8c6ad16a1c9",
    "/assets/svg/ios-contrast.svg": "2c396705f86d28be8055c69aab2771c1296c5a84",
    "/assets/svg/ios-copy.svg": "5103f0c2e5ac8c266918cff30ca4cc512f731f2d",
    "/assets/svg/ios-create.svg": "2259bb600ae1b61c2b45e87a90e0a1c6fdd1111c",
    "/assets/svg/ios-crop.svg": "ad444c9d62a7bd46c8ba9aa54c4eccfd9275cda4",
    "/assets/svg/ios-cube.svg": "1d3088411c3da857e272b7aa8bad47df41fe0ba0",
    "/assets/svg/ios-cut.svg": "c4caa585a7fa105124f5301d05d669b26e59c874",
    "/assets/svg/ios-desktop.svg": "112be375f66e75b8774261b4c83635d5cbb6f18b",
    "/assets/svg/ios-disc.svg": "57cf1141f04cb7b586b2082b0cf44fe97a2486b0",
    "/assets/svg/ios-document.svg": "724a1d0568982f95169632dc20382650d30ce2fa",
    "/assets/svg/ios-done-all.svg": "4a79a6e9149012a7f4aea55f661366c821baf303",
    "/assets/svg/ios-download.svg": "2f2857e604a31d46cc17e0cd9c42776cc077cb96",
    "/assets/svg/ios-easel.svg": "55ddf128cc0152b164492d025617aacf6a1ae800",
    "/assets/svg/ios-egg.svg": "ed225cf41fdd87b5838a29966fa6c44f0c4d1fdd",
    "/assets/svg/ios-exit.svg": "58f750feb61c01497f0dc58c19976008ac6f47ed",
    "/assets/svg/ios-expand.svg": "c20e5abca3b1eb3501b576c126c3cd6885b434b8",
    "/assets/svg/ios-eye-off.svg": "4fa414739e63b59a07601bdc711927fedc9e4c16",
    "/assets/svg/ios-eye.svg": "51ad353d6186ace06c0fc7baaa8e6a35a2233420",
    "/assets/svg/ios-fastforward.svg": "e984d6ec40dbdfe9ce742e22de9f8c81a0a5e33c",
    "/assets/svg/ios-female.svg": "52a3bc0eb56e435e291b7681ec6751affe2a1422",
    "/assets/svg/ios-filing.svg": "6339c53aa00e56f932e0d44bced534534683b743",
    "/assets/svg/ios-film.svg": "dc7feb42dd8f414897434d71fc29a7c9efd96a3f",
    "/assets/svg/ios-finger-print.svg": "f1b2cdad507c8b463b3005b760fdec5e6255292b",
    "/assets/svg/ios-fitness.svg": "4f5fb2c0d2359ef7717c07e985691064e1fcaf61",
    "/assets/svg/ios-flag.svg": "2356d979d38084502c0dca705259d64d1f3675e4",
    "/assets/svg/ios-flame.svg": "a3b1613eaf7d3506f78a2400743074e506bef08e",
    "/assets/svg/ios-flash-off.svg": "0b56db6c790d0e1ff4fbd79d4044cc6099c90b15",
    "/assets/svg/ios-flash.svg": "cffd95986f709643ddfa9dffc802baf032abd046",
    "/assets/svg/ios-flashlight.svg": "3b1b934aaed8c244bcce67e2f800ef767cac1b17",
    "/assets/svg/ios-flask.svg": "1132008e5c5208c78f30aab4fd24de055a734649",
    "/assets/svg/ios-flower.svg": "e1101c9f9d83afc33ac8168e1dee4cf385acc8f2",
    "/assets/svg/ios-folder-open.svg": "e7d896661183185ee46e6212e68555e630647307",
    "/assets/svg/ios-folder.svg": "b39ca11b0238c656676a825b117689d2ca63afd6",
    "/assets/svg/ios-football.svg": "0a3bf34fa7e90e6e7fc9b87da394d1407ff78fbe",
    "/assets/svg/ios-funnel.svg": "ee1f6325c309e89e3e6a0590f7d28eefdea3e884",
    "/assets/svg/ios-gift.svg": "977197443d9a48cd5e3df80df47a44cfbc61e738",
    "/assets/svg/ios-git-branch.svg": "b34d4c838a2d505a64de06723b7226c28dba30ba",
    "/assets/svg/ios-git-commit.svg": "655b453fae53eeb28c874080b49631945b9285a8",
    "/assets/svg/ios-git-compare.svg": "61451f7bb711792b4f9a8b36e3d0af3116ad91b5",
    "/assets/svg/ios-git-merge.svg": "d2d94f6cc33f22a87115fc3efc9b9852e55ee214",
    "/assets/svg/ios-git-network.svg": "39c9fe7f106b551785206f55eaf4873968f9c2e7",
    "/assets/svg/ios-git-pull-request.svg": "22e5dc59a21ea096149910b3bb07f592c8fbb70c",
    "/assets/svg/ios-glasses.svg": "79e8335cae9458e7e5a1b38f1c4c4a48d48fe5f8",
    "/assets/svg/ios-globe.svg": "67b948a5946b3b4dc273ddb053fc393b7150c754",
    "/assets/svg/ios-grid.svg": "b68459bded145bc421fe9184de5b65ceb530f938",
    "/assets/svg/ios-hammer.svg": "4478045c302dccf692af07f3c4b86b82449b1195",
    "/assets/svg/ios-hand.svg": "1a549c070f0298dfd94eadf73068b6a305c0b9a2",
    "/assets/svg/ios-happy.svg": "c709d643c6195404670bec7b43c5153d040ca2dd",
    "/assets/svg/ios-headset.svg": "90292b9a989e580863c4252100817ba60e3ec3b8",
    "/assets/svg/ios-heart-dislike.svg": "5c3b132a410e7cd5794c03076db0c1b7abdc8ca4",
    "/assets/svg/ios-heart-empty.svg": "dd5c49bca237e47c2b59f082af9d03f82e832220",
    "/assets/svg/ios-heart-half.svg": "334523e56a48dd428791e918f2a56643c341d572",
    "/assets/svg/ios-heart.svg": "378758fa4f49c6a9f3d6efabc65dab259d1a3354",
    "/assets/svg/ios-help-buoy.svg": "9096cc1aee6180f56c12831ba60953f664982bfd",
    "/assets/svg/ios-help-circle-outline.svg": "87108ccbd6595bccf65a6f84659e72f28b3ef846",
    "/assets/svg/ios-help-circle.svg": "7c0bc7a4284159ab37f93229f9fbf8e110969881",
    "/assets/svg/ios-help.svg": "d91f24e3637fd0dc6a20ed7683f91edff1a0da63",
    "/assets/svg/ios-home.svg": "553726c1792439cffcc790fddb63424e1c409c79",
    "/assets/svg/ios-hourglass.svg": "9b60892c32b2981a5318d9b8de2b3eb37fc7ef1f",
    "/assets/svg/ios-ice-cream.svg": "dde34ff8d68e1234ec350a75755759e2e37ed1a7",
    "/assets/svg/ios-image.svg": "bcd642453f38ff39f75e02b296850f52cb89d656",
    "/assets/svg/ios-images.svg": "f1691f4cf789ea23fb4c56cbab7585335e29a3bd",
    "/assets/svg/ios-infinite.svg": "95b9197d47c471eaa030ecde42eb85b8292590db",
    "/assets/svg/ios-information-circle-outline.svg": "5a8645738713afeddd9b3893a95b3207f08e7370",
    "/assets/svg/ios-information-circle.svg": "34610912b2dd45759804379af043192dacb9cd96",
    "/assets/svg/ios-information.svg": "e695950c8d913899bf20fb8d492e3fb21547a35c",
    "/assets/svg/ios-jet.svg": "d61c147010234cab4bd84251bebd58bf963ce66d",
    "/assets/svg/ios-journal.svg": "d250ac3efe082eb0b6f285af5e456b64b06c9db7",
    "/assets/svg/ios-key.svg": "b9f2cd9b55625fa014e3d9177018de61559bb868",
    "/assets/svg/ios-keypad.svg": "706c5a33442b59fa2b6683cd64331c4023259821",
    "/assets/svg/ios-laptop.svg": "0d7949e5483ebc941fa53b88c776e73b37930cab",
    "/assets/svg/ios-leaf.svg": "15de9bfbf98a68bdc5e973e1d20af040bab53e21",
    "/assets/svg/ios-link.svg": "d48a56e9602c18520a599fa7eec884148512dafa",
    "/assets/svg/ios-list-box.svg": "8279bd8d6709b3dbd5fa6a5383f44fc52926ec8d",
    "/assets/svg/ios-list.svg": "426bdff9d841352442f3d19a5ca74ef02d0f4fb9",
    "/assets/svg/ios-locate.svg": "e0212dce6bac7cde73a6fb7dceda8beef690a05c",
    "/assets/svg/ios-lock.svg": "4a0638294d9a19db7325ad49a80d3b9ff7a5e825",
    "/assets/svg/ios-log-in.svg": "25a8d86cdc18df22134fb93c21fef06af1f40f54",
    "/assets/svg/ios-log-out.svg": "32a7db35a44e7605cd9e27bc3c5378392145c08f",
    "/assets/svg/ios-magnet.svg": "d8b459a7eede6d162a4f36a7ac49b915c9b7adbb",
    "/assets/svg/ios-mail-open.svg": "befe3f213b768bcd9616e6526918a37944bd4ee9",
    "/assets/svg/ios-mail-unread.svg": "3f84a533e1beb2a4677e0e9acbde1f0941858b5f",
    "/assets/svg/ios-mail.svg": "07c9c685fe785d1ed17f4a2ad85c6af8cc9acfda",
    "/assets/svg/ios-male.svg": "23326cb74e7701dea9c8223a78b8bdcae23e13eb",
    "/assets/svg/ios-man.svg": "53f34eae1cf8fc695e6bd7bb30adfa0c741d738f",
    "/assets/svg/ios-map.svg": "ca6530d47dcf0d98d1e20b527d01ca04ccbf6986",
    "/assets/svg/ios-medal.svg": "44210e0fa0e9488567f72eca3cb9b267c970e35c",
    "/assets/svg/ios-medical.svg": "ada5105a022d55d4eda65e1a308a84d6214e1827",
    "/assets/svg/ios-medkit.svg": "d7c8dac6983bdc21752a8d7a37557b2a802279ef",
    "/assets/svg/ios-megaphone.svg": "cbabaa64e54cadf572b43e926d53036b1635255e",
    "/assets/svg/ios-menu.svg": "7c64499a5dcd501fb5f7355390a35d9161dabc38",
    "/assets/svg/ios-mic-off.svg": "7653a757912272bc169e000be762dfa746cfcee2",
    "/assets/svg/ios-mic.svg": "76f91b67c29a2623935e6363ede99f12080bd2ac",
    "/assets/svg/ios-microphone.svg": "3cea716405513216d382789d2cbe3e901fb0576f",
    "/assets/svg/ios-moon.svg": "f2407b24fb16ae0a9fe3f59c001715b89197d6f7",
    "/assets/svg/ios-more.svg": "d797aa1aef9c939b17102d0aa7ff744ae0c20dc8",
    "/assets/svg/ios-move.svg": "d92ab3a3102555afc36bd6adfbc4d6b10d12bdb2",
    "/assets/svg/ios-musical-note.svg": "8b51a9da6f712437fa732aa074b201eca452627d",
    "/assets/svg/ios-musical-notes.svg": "791dd7d84c0ad32570ca2bc06350b18f7c37ae2c",
    "/assets/svg/ios-navigate.svg": "bc881ee97b2cc2dbc082bc8c0009828d333c2be3",
    "/assets/svg/ios-notifications-off.svg": "1bdedcace72f3d7e5fd4eb5eb13515ad224bb3f4",
    "/assets/svg/ios-notifications-outline.svg": "76e2a45dab4309f7d9ce6d594a04794346eb8632",
    "/assets/svg/ios-notifications.svg": "bbf1c98789f0246214e9841f532f8bb957f541c9",
    "/assets/svg/ios-nuclear.svg": "f76c24cc5cca92fc90a9ac81c2ccf951ac6ee0e9",
    "/assets/svg/ios-nutrition.svg": "48510ab11d924228bd1a9f173da5dcf6641e6c16",
    "/assets/svg/ios-open.svg": "6f7dd4b55ff943f6e5dd2e31c11d1dcfe58b17f8",
    "/assets/svg/ios-options.svg": "8e6ac280700bdb5bb20bd2c558c6f2f19df2daf4",
    "/assets/svg/ios-outlet.svg": "80d4394a39333ebc00e3fbb1c8ee7e7276a597cd",
    "/assets/svg/ios-paper-plane.svg": "499f04e1d637559e34b46b6f9c1f899e69421080",
    "/assets/svg/ios-paper.svg": "7383e7dc4f216f8963df9c4ff1b02dc2eb78238f",
    "/assets/svg/ios-partly-sunny.svg": "f5fd613bfa97c342cfcc8d65de7eb29a1deb6b41",
    "/assets/svg/ios-pause.svg": "88bdb8d18a653835923db7e5002b93cd945b5b03",
    "/assets/svg/ios-paw.svg": "ac663804ba98b0ce628a41681fd38d3ee674dd6a",
    "/assets/svg/ios-people.svg": "b2419e9ef0aa4ac34964a45f85f5277982f478aa",
    "/assets/svg/ios-person-add.svg": "7545bccd1dcf2991fbf9c7420950e54d0b18b443",
    "/assets/svg/ios-person.svg": "04694388265b076e83e16afb9c53864b4c69311a",
    "/assets/svg/ios-phone-landscape.svg": "8a21c1bad4ddf833a7662a0f87621ee4323ab67f",
    "/assets/svg/ios-phone-portrait.svg": "d07e3f078fa8bfbdd387c39e4cedb5c303a8a79a",
    "/assets/svg/ios-photos.svg": "f8b010fd3d307089aa26296bd01dce1ca8146913",
    "/assets/svg/ios-pie.svg": "d2569f32231de8a1b50e8af597589a2f428825d2",
    "/assets/svg/ios-pin.svg": "7905a8edf3f7cea23cc5396a43ff01367d8a289f",
    "/assets/svg/ios-pint.svg": "02a2311a63db2e223f669e093f1192e69c5416f5",
    "/assets/svg/ios-pizza.svg": "a21462ec6c9b05c781d558e7521e81a4c6ab14dd",
    "/assets/svg/ios-planet.svg": "b96e5d257235af64c04cc33441a0a35032e2c4b2",
    "/assets/svg/ios-play-circle.svg": "38a1afb7f73e1fd428e74552b17b4f5e17cdf0eb",
    "/assets/svg/ios-play.svg": "d680b7b5a96907162b39551a0707b4b82ff2eb22",
    "/assets/svg/ios-podium.svg": "d6cae600ba5c1b3978502d7496fcf46628717efd",
    "/assets/svg/ios-power.svg": "c766583b0407a4fcceb300f8b16eebb2bf1cfe7a",
    "/assets/svg/ios-pricetag.svg": "33257ab883dce82f324726dde304b55c3ff2650f",
    "/assets/svg/ios-pricetags.svg": "026840578a197490e4c0f4f12eaf234da10d788d",
    "/assets/svg/ios-print.svg": "80b42b6cab30495182c0a9b48997a69a12540372",
    "/assets/svg/ios-pulse.svg": "72cce451582f6a8bea907e5dc468865bebacf131",
    "/assets/svg/ios-qr-scanner.svg": "cd469495d2514dcb0ed5909682006a4e0e4914ed",
    "/assets/svg/ios-quote.svg": "1d0b9caa013aa6f039a1f320d57db575f86e575d",
    "/assets/svg/ios-radio-button-off.svg": "737d6674de52d8d1d1d357be5d64ce2e18c77b5a",
    "/assets/svg/ios-radio-button-on.svg": "6acfbac54e7b7849edcda94415e7701634f7480c",
    "/assets/svg/ios-radio.svg": "16d7f1ee3e7321ace1055ce3207e8a86d09ddfd1",
    "/assets/svg/ios-rainy.svg": "0da0071b5fc6956909df78f3953b4b5225a26388",
    "/assets/svg/ios-recording.svg": "4d135d8a3cb8a2bf96df15f7e70f279d4b8dd224",
    "/assets/svg/ios-redo.svg": "d5e1df017bbc7b4ac997d001f50f67ebdbc632a5",
    "/assets/svg/ios-refresh-circle.svg": "8d316e8ca31a13120497e5129f9db14fc77937e6",
    "/assets/svg/ios-refresh.svg": "b1d06c95ed66053c838cdb210e06cf775ca6d519",
    "/assets/svg/ios-remove-circle-outline.svg": "5e2086a4ee3ee66cb45920dcc8a9d34315e0dc83",
    "/assets/svg/ios-remove-circle.svg": "97ec3056e146b6774ab7df68c75b563ea3fd4199",
    "/assets/svg/ios-remove.svg": "fd4e2cd0bd09f23ba18ac13c115567032f015a92",
    "/assets/svg/ios-reorder.svg": "612821642911f23bf2e0c574f43bda7bb6811291",
    "/assets/svg/ios-repeat.svg": "9e5e1fb48046828adec6238f19b9d2c096ebfd52",
    "/assets/svg/ios-resize.svg": "835112140965cce57f3348e7ebb0b34ee9f77ca5",
    "/assets/svg/ios-restaurant.svg": "bd6517584d5ff09e8d027bd83b67114fe638e427",
    "/assets/svg/ios-return-left.svg": "e333d2a1d8525a83fec09a52d289eeffb71173db",
    "/assets/svg/ios-return-right.svg": "d20539d71295591610aff567d2380521d1d0a4de",
    "/assets/svg/ios-reverse-camera.svg": "dd4e4acb4499cec278b8cf3a63d8dcec4a193477",
    "/assets/svg/ios-rewind.svg": "64a7bb58d97e21beb20b603d1e14ac439161514f",
    "/assets/svg/ios-ribbon.svg": "53768181f54e437f19d145ac0cf74921a338ce94",
    "/assets/svg/ios-rocket.svg": "e7c6053190013e514dac91d2ee5da54fb659f935",
    "/assets/svg/ios-rose.svg": "80724cae58eea38703a24cbebe3be3619c86ad89",
    "/assets/svg/ios-sad.svg": "6fda18a0afb0024e6a781af9533365fe5aeaea40",
    "/assets/svg/ios-save.svg": "5665086c31a5ad583f091af31ab4fd0759e7f3d2",
    "/assets/svg/ios-school.svg": "1d72efe64f66a229e95e7773e6aa57cd917bea25",
    "/assets/svg/ios-search.svg": "cb3b082c5ba9aa343e6501b1a57ddd8fcc5ec34a",
    "/assets/svg/ios-send.svg": "67ddaeb95df2b434dffc0b4d70747013bcf523ef",
    "/assets/svg/ios-settings.svg": "a67100a9e8fcc06e130fe280cdeedd062ec1e530",
    "/assets/svg/ios-share-alt.svg": "b12655110a973d6507d247c1b4291abf5a405e96",
    "/assets/svg/ios-share.svg": "d43f648fca47d7306cbc14e8c425411536a072c0",
    "/assets/svg/ios-shirt.svg": "2d7e7b68d11f2b2f26564ddc13adfa291ce12e03",
    "/assets/svg/ios-shuffle.svg": "3fb176f15ca5499393c25f567cd552fe21299f55",
    "/assets/svg/ios-skip-backward.svg": "e4c9fe492a365a17d57f5a21356c7437920e390f",
    "/assets/svg/ios-skip-forward.svg": "a4c5d9eb41f05cd0f48c9c62ffba328a41a48a1e",
    "/assets/svg/ios-snow.svg": "c0e235c83a558984f3a88da02c5a97e8582d05f3",
    "/assets/svg/ios-speedometer.svg": "1ce0b031f1e82c55c762400d419d2c0fd9c27c09",
    "/assets/svg/ios-square-outline.svg": "b554f100a2eadbb06643e851ebd3a76244fb094f",
    "/assets/svg/ios-square.svg": "9e73694b2663e6b68c7b7f696de5e001c6324918",
    "/assets/svg/ios-star-half.svg": "9fc978c91530799af40702395d6d0c9e7cc0c61d",
    "/assets/svg/ios-star-outline.svg": "3e94dc1364a98d9a8940e26f5ffb766d9d580b8a",
    "/assets/svg/ios-star.svg": "03be027db6aa90d7e6291541b227509c31d85386",
    "/assets/svg/ios-stats.svg": "1f7b33d94c909ff35efd94fed6c94b8cf01512db",
    "/assets/svg/ios-stopwatch.svg": "8251c31809496882ba496dda4cdcd2abf5ba53f3",
    "/assets/svg/ios-subway.svg": "0ee329cd49e209e65632385f1e28a6a9ecf5269d",
    "/assets/svg/ios-sunny.svg": "6416adba4cb5392f0ade8f07315a2807a51b5bc1",
    "/assets/svg/ios-swap.svg": "eec2c3414b94304cbbb61c7fb71715ac0b332d19",
    "/assets/svg/ios-switch.svg": "4bb7bb8eeb62d10356514ec4461b061657d89750",
    "/assets/svg/ios-sync.svg": "6f942a6619af5dd1b7c4adcc9f2003864de7a914",
    "/assets/svg/ios-tablet-landscape.svg": "841de98ebee085b104c6cea3adb271c138006b84",
    "/assets/svg/ios-tablet-portrait.svg": "24628b18da05bb0e3f9df7af19d468f3bbcf32e6",
    "/assets/svg/ios-tennisball.svg": "d8151e5c5351d87c6e5db1b34df915729aafae87",
    "/assets/svg/ios-text.svg": "ef9941d10ce14f628b9eaa5b261ef89780d2815a",
    "/assets/svg/ios-thermometer.svg": "59b347944db8fbed3a425606a400d425b189f699",
    "/assets/svg/ios-thumbs-down.svg": "43ff4c50e4856ae1cb7ea120ce7bcc80d8148126",
    "/assets/svg/ios-thumbs-up.svg": "b26bb3e25f7e786a33894d63f4e9df84253183b7",
    "/assets/svg/ios-thunderstorm.svg": "0450756471514b4658238fcf8ae5bf29509f8e31",
    "/assets/svg/ios-time.svg": "48da9636df1f5e62b3035769b2a4f7cb8d3790bd",
    "/assets/svg/ios-timer.svg": "298e9ae355719bee59e542ebf0184a166da7e797",
    "/assets/svg/ios-today.svg": "80f3724e21eeb2c963422a276f8eebf43fc3170c",
    "/assets/svg/ios-train.svg": "36a98d24e7cabbcffc2c17f278e3aedd26f068e7",
    "/assets/svg/ios-transgender.svg": "98e69f3f1bb1b5e2c5d53a5546c1ec49f2b0a659",
    "/assets/svg/ios-trash.svg": "ae4451fd40756533b566e2e6ac250d902e4455c4",
    "/assets/svg/ios-trending-down.svg": "aacf5e1d221c473bec1e24d97e1bb7da7010cd6f",
    "/assets/svg/ios-trending-up.svg": "eb7003d93df640c9b743c0088032bc6d4db57be6",
    "/assets/svg/ios-trophy.svg": "3474a1ba6a2093f1786df78a9e02bf9c5327b02a",
    "/assets/svg/ios-tv.svg": "47f701f4bbdf56e87fb2e4ed65683a7fdac4d981",
    "/assets/svg/ios-umbrella.svg": "84f88777d7ec896b63fd2fc89a4caabfb8030f52",
    "/assets/svg/ios-undo.svg": "2c6727ed966966c7669b441fe53b374d5eed2c70",
    "/assets/svg/ios-unlock.svg": "0e2c08756f197b39dff765514923a4f03fe68173",
    "/assets/svg/ios-videocam.svg": "bc85e16c7e09a7cc959c4ad711af0a34a29ba426",
    "/assets/svg/ios-volume-high.svg": "bf5beaf86fc9d74ff59861a9bc800362c94cbf67",
    "/assets/svg/ios-volume-low.svg": "7c4d94a0dffacf0517efc789f19dca124b789abc",
    "/assets/svg/ios-volume-mute.svg": "ebc2381aebd94a37821c616c1bfdd4c817fceac1",
    "/assets/svg/ios-volume-off.svg": "e68d485ed9ee28142a479dc0bbc3e9662e889664",
    "/assets/svg/ios-walk.svg": "3331cf9a12dbbda88aaedc35639bfb7c4c0ba492",
    "/assets/svg/ios-wallet.svg": "da005fa464aef29952c010d854dab86bb16f9278",
    "/assets/svg/ios-warning.svg": "d74e41e0cd45db66de2e6975f22263095a4cdc05",
    "/assets/svg/ios-watch.svg": "3a3c85e2e9a5f5adfd421286b9f07f98887369f3",
    "/assets/svg/ios-water.svg": "c64b34b4e0d9ace8818eb4b5be44dcabc38d6f91",
    "/assets/svg/ios-wifi.svg": "809ec93f0491e7aa3abdd25226eb8930ff9e6782",
    "/assets/svg/ios-wine.svg": "471447a64537c3f7603e33110b04561b0d5ac920",
    "/assets/svg/ios-woman.svg": "769720f78775a54b0b3faca3ec97f0013eee5d8d",
    "/assets/svg/logo-android.svg": "d911ea9f6b3ea622b31f8d1b8c669e8265f109b5",
    "/assets/svg/logo-angular.svg": "315263c930464fc76556a443be5504175fec0e3f",
    "/assets/svg/logo-apple.svg": "cfdc3c18fe67e632170611248d5fc0fe4794e612",
    "/assets/svg/logo-bitbucket.svg": "8522b8079163a8091f43079833ed825b6632a149",
    "/assets/svg/logo-bitcoin.svg": "3c0eebeafb0683752df3e131f07b7f25f535f867",
    "/assets/svg/logo-buffer.svg": "e14346eff881321dc6bb6c7ec3136f743e507b7a",
    "/assets/svg/logo-chrome.svg": "954a9454213c3d3095baadfb4b7e11ba5090d7c9",
    "/assets/svg/logo-closed-captioning.svg": "a62da8f837d6e6c135a878c1cb96cbae3d13d4db",
    "/assets/svg/logo-codepen.svg": "7405aa4db24fd6e4051f1f918b8401d8140846ab",
    "/assets/svg/logo-css3.svg": "877fa7601da57a8bf3f720faf6fce642230a08e9",
    "/assets/svg/logo-designernews.svg": "47173458940c03036db3af6b8295263e690ccba4",
    "/assets/svg/logo-dribbble.svg": "417eae8e252c5158668f9189a8887655aefadc0f",
    "/assets/svg/logo-dropbox.svg": "aac505f2437d7649ae90047fb8a1645f040671c7",
    "/assets/svg/logo-euro.svg": "66eab3607300a118f221fb5d3a9b4f71b8e6b5c8",
    "/assets/svg/logo-facebook.svg": "f8b8c4fa0a361aac57a8cd6830f3be4e6840629a",
    "/assets/svg/logo-flickr.svg": "da9635a7710c18f0aead6cb858a79b2fe868934a",
    "/assets/svg/logo-foursquare.svg": "b35ee11e4df6ce25338c8a993ab76b5619430f43",
    "/assets/svg/logo-freebsd-devil.svg": "f8726488a6bcad0bf81c91da6d72d384c33027ec",
    "/assets/svg/logo-game-controller-a.svg": "49ec393b036f50d8f485622ece76621b87108257",
    "/assets/svg/logo-game-controller-b.svg": "476f73e593712b874f0e9319d2abeb905e0f46d7",
    "/assets/svg/logo-github.svg": "50db8679758ec4ab5b1fbab95a445fee068cf488",
    "/assets/svg/logo-google.svg": "549097bceddd4cf362092cb41985e0de59979c74",
    "/assets/svg/logo-googleplus.svg": "7a7d804598b240c61bb37b248ed9482e962437e9",
    "/assets/svg/logo-hackernews.svg": "a62834332cfaa5f7dfec07d87128b44927355d76",
    "/assets/svg/logo-html5.svg": "750860e399249977fd31a44450ae2296c0611fcc",
    "/assets/svg/logo-instagram.svg": "06c76dfd9b3e0bcc985e24bb53d85408a2710f88",
    "/assets/svg/logo-ionic.svg": "65ed50a995781e75a218a5d8d329bfb95dfcdc80",
    "/assets/svg/logo-ionitron.svg": "2865658f8a62e729a0d25766eca200bec4aa0f43",
    "/assets/svg/logo-javascript.svg": "949acb09b71690100e89d7967ea6a9b15d3e21b8",
    "/assets/svg/logo-linkedin.svg": "5d5b4e384dd853d26d30157cad8f192c84688038",
    "/assets/svg/logo-markdown.svg": "419bfe116ad86755d0dec91e10dba0908a45cfb4",
    "/assets/svg/logo-model-s.svg": "643a48f1f0f9e72a5b97b24eaf6dbbf30fb8d37d",
    "/assets/svg/logo-no-smoking.svg": "aaf8237d94b8f47a3f1d448eb529e252a62abd89",
    "/assets/svg/logo-nodejs.svg": "ee250db55b20566bffbe1ceb62427b1999eed34a",
    "/assets/svg/logo-npm.svg": "53f00dcb98168fa4802744127e8b629b6f0e2268",
    "/assets/svg/logo-octocat.svg": "30289822225125d29b8c0d05a357ac082f13a12a",
    "/assets/svg/logo-pinterest.svg": "058db983b2a8c83b7c44b90485d21080c8975276",
    "/assets/svg/logo-playstation.svg": "6f2e9ac1b842b7f32479909d7a05401aa98380ce",
    "/assets/svg/logo-polymer.svg": "e2c3e44cc70c15429b6d31e9cfb198acec28ba0a",
    "/assets/svg/logo-python.svg": "64dadf5a58add44fcadcd53b0c90a952b7bdaa2a",
    "/assets/svg/logo-reddit.svg": "6bfe286955c41a28a593852e19129ecf232d5154",
    "/assets/svg/logo-rss.svg": "c0858e503d67af49ae408f85dad02d74460a80b8",
    "/assets/svg/logo-sass.svg": "16bf79211c106a1940964e17bfeecf95eb2cfae1",
    "/assets/svg/logo-skype.svg": "e882bfc8734bbb2ab230c1f01268c48c782a6311",
    "/assets/svg/logo-slack.svg": "5560a2eae791f0a38560c1bb74bcbc672f0e5bbf",
    "/assets/svg/logo-snapchat.svg": "7b348dea7c7046170a6f26a5eab372c9f09caef4",
    "/assets/svg/logo-steam.svg": "c48324470b310b4710aca421efe6f87229658f21",
    "/assets/svg/logo-tumblr.svg": "920334ad92e73f9fea7ffe2944fc24f17ff803fd",
    "/assets/svg/logo-tux.svg": "f1989aa41fc70456548bbe77e2d283179b998b4f",
    "/assets/svg/logo-twitch.svg": "3293ae73c8f22b1fad77b0664065b60fba7c5eeb",
    "/assets/svg/logo-twitter.svg": "491b05aaefd606a5bc4fb1ac885f429b3ab1576b",
    "/assets/svg/logo-usd.svg": "c624eee31a241ac0dd604ce34db9ea8b042b8025",
    "/assets/svg/logo-vimeo.svg": "d61d147f8fcf3e1df9ac35f9ba2d2dda35b9fbc1",
    "/assets/svg/logo-vk.svg": "85920cf07275c80894592fb358aa7fe443519a1f",
    "/assets/svg/logo-whatsapp.svg": "0a9870948b43bdaa490be4381538c83c23069b82",
    "/assets/svg/logo-windows.svg": "2f5f13da478c15e9fcb2ee4d04e383b29b720e30",
    "/assets/svg/logo-wordpress.svg": "cdbfb10bf4846f31bc47de28a7978f74b9a0a633",
    "/assets/svg/logo-xbox.svg": "e5d157c8136bed21f6808b27193ec7603fea3dfe",
    "/assets/svg/logo-xing.svg": "6a38adfe00cff5e51bf6f4f245082fb7a156607d",
    "/assets/svg/logo-yahoo.svg": "730f6055c3b97f81bd0ec6299b5ac490dbaeedfd",
    "/assets/svg/logo-yen.svg": "872ffc3537e73664700628ee65570abd0c7d3305",
    "/assets/svg/logo-youtube.svg": "a1441f86a1b5fecfb6e00d52f1395ed65ea5208e",
    "/assets/svg/md-add-circle-outline.svg": "8f200db651d03f9e4ae612a5404d48570f63059c",
    "/assets/svg/md-add-circle.svg": "c16ca57260e361c0d49e865dcc88b9ae3c709527",
    "/assets/svg/md-add.svg": "171171c45c42a22f5203101e1b9cdbf30823cc19",
    "/assets/svg/md-airplane.svg": "689b34752756c0e230a200f92e8b855d47ca75c7",
    "/assets/svg/md-alarm.svg": "f96a216fa2014910da7de19110de3084c06072a5",
    "/assets/svg/md-albums.svg": "900e7248e56ed1feb164442ba5d571d9130af9cf",
    "/assets/svg/md-alert.svg": "4e0a68b87082bc3e05c0e9a9540b585f79d3453d",
    "/assets/svg/md-american-football.svg": "fedcc8deb137422b1bcf90ecd8e7701c7f45185a",
    "/assets/svg/md-analytics.svg": "1ffe88e0d09790ea9f3ebf9af6b172eb0fdedc74",
    "/assets/svg/md-aperture.svg": "a387259cc04201db7a2d060a6fc40039b702fa91",
    "/assets/svg/md-apps.svg": "4e3fa105668de48f1b4d6bd8dc25009ce784c2ca",
    "/assets/svg/md-appstore.svg": "23c8a50405849de3760c8249b5ebea2d35185478",
    "/assets/svg/md-archive.svg": "b081eefce331c0e1730540d0589186c0609c3316",
    "/assets/svg/md-arrow-back.svg": "e07e19a5534d2e41fdf5fee5d385d30ebaa69b9c",
    "/assets/svg/md-arrow-down.svg": "5500c7639391d0bdcf9800174568bf1b0fe1f3f0",
    "/assets/svg/md-arrow-dropdown-circle.svg": "184de2b3192246f1f8f340e934df11d3c5eb7444",
    "/assets/svg/md-arrow-dropdown.svg": "d264325124337d2dcaf87f5ce4a352e3d69b5504",
    "/assets/svg/md-arrow-dropleft-circle.svg": "65e2aa6468f64810476a6adc81c844739c22dc17",
    "/assets/svg/md-arrow-dropleft.svg": "ca6818ad73bfe682e360991e1a712df453c808b6",
    "/assets/svg/md-arrow-dropright-circle.svg": "bec8a23d3ff8972bc7d144e41649983a495dd9f9",
    "/assets/svg/md-arrow-dropright.svg": "49ad8505a13bdce75f81400d1e7b33f1ade61762",
    "/assets/svg/md-arrow-dropup-circle.svg": "4b3f12a0e7ca40154c7d9998faa8b485aa032d1b",
    "/assets/svg/md-arrow-dropup.svg": "bb98ac16860d16a228a9e53ae6c25e5323235b04",
    "/assets/svg/md-arrow-forward.svg": "3eff83f00d414dfac908e426abfa319c1ca07fe2",
    "/assets/svg/md-arrow-round-back.svg": "1984692ea2511828487f7a01e334f6bd8a9349f5",
    "/assets/svg/md-arrow-round-down.svg": "094f68ddc63167daa8d331055548c4e9c2c395a0",
    "/assets/svg/md-arrow-round-forward.svg": "40e8c153c36653f5a0da10d25c7f5e378a5048d6",
    "/assets/svg/md-arrow-round-up.svg": "8e20ec2b7f17e083d37c8118517320fee7a8de12",
    "/assets/svg/md-arrow-up.svg": "992bb6aeec6e818a75aa7aa373700807ba9ec910",
    "/assets/svg/md-at.svg": "4a8a5adb835636e942ba5fb85ea33eba3c0fa860",
    "/assets/svg/md-attach.svg": "82cbd4f43d5a424f658458e2b272b8766b56b3e3",
    "/assets/svg/md-backspace.svg": "3087ce205df1676f7aff7e1a240f1920113302ce",
    "/assets/svg/md-barcode.svg": "0354dffb0f311e80ff6a7666c368f3572556a0be",
    "/assets/svg/md-baseball.svg": "63aa9adf0ab1f65e7c1465d953e9eb5915dfeb3e",
    "/assets/svg/md-basket.svg": "5602b6237bc4b38911c56b0b41fbda9a836d1b89",
    "/assets/svg/md-basketball.svg": "3d3fddcb44b6ace08db68c7bdd5763b4aee5ee08",
    "/assets/svg/md-battery-charging.svg": "ee0d2c1ff3ee1a3caacd1915589ecf34e8b6ada4",
    "/assets/svg/md-battery-dead.svg": "7539dc31fc907b50c8193909e41bc082f9e5cfc6",
    "/assets/svg/md-battery-full.svg": "b8145ad6e4f7184474b7ba32def675584d55ae52",
    "/assets/svg/md-beaker.svg": "7f5efa0c8c6a666bd4d3a292b21f4e55edba40ba",
    "/assets/svg/md-bed.svg": "71c0c6f59959644e2fdee382442bf10f3f8be9a0",
    "/assets/svg/md-beer.svg": "6fda45ad5038250756c3802869fdf35cfcc0a47e",
    "/assets/svg/md-bicycle.svg": "bb7f416bd5f396a4fae1c07ba345c151c9b8a87b",
    "/assets/svg/md-bluetooth.svg": "df6f5ff829f2186cd549241c7c3010caec383fec",
    "/assets/svg/md-boat.svg": "84240f9c8aa6eac6c1594b5f0ccd0e6b4ddb72a0",
    "/assets/svg/md-body.svg": "714b6692b847f609b42badbde4ce19571abf49d2",
    "/assets/svg/md-bonfire.svg": "70322a5b7ae50b686f7c6a9dcd34c070b6c7c81e",
    "/assets/svg/md-book.svg": "fc752622eefec00ee90f529c6e4b183ccffa599a",
    "/assets/svg/md-bookmark.svg": "5b8d803e0d694f5005108f23f01380b259f165f8",
    "/assets/svg/md-bookmarks.svg": "1ad4b96e4671a6ebc7fd9b9392fd38645769217a",
    "/assets/svg/md-bowtie.svg": "b05a01f0e4ce7de5fb34c25b194081ea19435ccc",
    "/assets/svg/md-briefcase.svg": "a1dbf6bfb1e4130e02ce474a30720c434c16dbc0",
    "/assets/svg/md-browsers.svg": "76f51faf0e96305b8fa063887e36c8435e42b3f7",
    "/assets/svg/md-brush.svg": "e205db2d54c6392a6b601b31465e169b75ed0040",
    "/assets/svg/md-bug.svg": "bc6bb130e8e12bcdeae86bd46fa5ecc842ed7d3e",
    "/assets/svg/md-build.svg": "f30f267b1fef9bb5c7813b718fcc3be11114e52a",
    "/assets/svg/md-bulb.svg": "0bcb3740de8bde43adfed31687c7f8e2c4048f54",
    "/assets/svg/md-bus.svg": "98f4a3656f5fcdad6d25f42939d4420c4fa3b307",
    "/assets/svg/md-business.svg": "fcb23ac111a29e65083064d32e79fa14249c1728",
    "/assets/svg/md-cafe.svg": "a86f902c70a5d832387308975c9831f0d3844b6b",
    "/assets/svg/md-calculator.svg": "d04bcc975142dfe037c11400b604f248b2499a94",
    "/assets/svg/md-calendar.svg": "20f774cc850b008363903b3b1afbcb06965b04ce",
    "/assets/svg/md-call.svg": "ccf6f2194bae1e2a86e55b578b2bb9835995e66e",
    "/assets/svg/md-camera.svg": "1c4b6540c3147f54a2a2a685af2cd5e256fd7ae4",
    "/assets/svg/md-car.svg": "c23dbef414f2b3fa0e8f92a3302cbd5d5f7d40f0",
    "/assets/svg/md-card.svg": "73558f09a13d63dc0d3a4831f6f9e47cd83b8a20",
    "/assets/svg/md-cart.svg": "8e7a2e027567f3fb8ba8cfeaead1a356c5a28051",
    "/assets/svg/md-cash.svg": "36ab44504276bfcfac909f917d891df4a58309ef",
    "/assets/svg/md-cellular.svg": "796dc274d13b6122bac178ca1af2f60b9239ee16",
    "/assets/svg/md-chatboxes.svg": "d443b86eb7aed8b579fd8518a0ae11cfe0d055b0",
    "/assets/svg/md-chatbubbles.svg": "12fbe94a65238d68ff39542f27c9318348d6145d",
    "/assets/svg/md-checkbox-outline.svg": "78c0c67bbba0323b1867506c503b64ed541a731b",
    "/assets/svg/md-checkbox.svg": "394018c96accbf06b551e87549570c38111fd8f1",
    "/assets/svg/md-checkmark-circle-outline.svg": "2ee68f9e9f649f3552dc1120558026cfb5317c5a",
    "/assets/svg/md-checkmark-circle.svg": "317e3c9832d89fa0a63428742be19e4072170a9b",
    "/assets/svg/md-checkmark.svg": "049a9a706881e2f413a44dd23aaa6c1f5f76a4ac",
    "/assets/svg/md-clipboard.svg": "4ce4362bc5427ff8f37601215d1f508da7248084",
    "/assets/svg/md-clock.svg": "fd620456098875f0ca215c897795e734059581cc",
    "/assets/svg/md-close-circle-outline.svg": "5e0fce4410d9ac11aaed4edf6241a1b432e008bb",
    "/assets/svg/md-close-circle.svg": "a5a47f0ed00303bd09df4fb5c4de506eac081822",
    "/assets/svg/md-close.svg": "a1252d35e0c8dbd692998ce6e88e4e5b521777fb",
    "/assets/svg/md-cloud-circle.svg": "60bd8e0c6745df06e9255e38b3250c506fab3b6a",
    "/assets/svg/md-cloud-done.svg": "72843860458ee4daa0fd584842e59bb7ffecccba",
    "/assets/svg/md-cloud-download.svg": "156dc34599023f93c43bae9d91c81c5d8541cdf8",
    "/assets/svg/md-cloud-outline.svg": "9a322a11011bc869863426e8ac04d9816c6a6f59",
    "/assets/svg/md-cloud-upload.svg": "a65b2c3f03616d038808dcad3d3dc326c1bbece1",
    "/assets/svg/md-cloud.svg": "bd6514cfccb36af733c48e785535bbbdc79d344e",
    "/assets/svg/md-cloudy-night.svg": "33038ecbacbae1a5ab9d34a8d33794988980ef7e",
    "/assets/svg/md-cloudy.svg": "6d3ac87be2f54748e22137e7fc7f22d87845beef",
    "/assets/svg/md-code-download.svg": "28456452af78647855d7475ad4fb3679995ce5cb",
    "/assets/svg/md-code-working.svg": "5d25d7d6e88492b4c288fe7d3c0d1561e7a132b9",
    "/assets/svg/md-code.svg": "c3851a91978b5918f4941b5c5513db1137f42842",
    "/assets/svg/md-cog.svg": "07186d905d290f0034aa4660c4a09446a9545ad4",
    "/assets/svg/md-color-fill.svg": "fb5b32bc03ca67c672317ecac49cc147d5d4061b",
    "/assets/svg/md-color-filter.svg": "f58784ed93916511b79062509d902c75322704f3",
    "/assets/svg/md-color-palette.svg": "c28ebee7c9803477615ac29f4cf00d3f218d69c4",
    "/assets/svg/md-color-wand.svg": "a7fb43143e6447beef0331aa5eaa8901f452085a",
    "/assets/svg/md-compass.svg": "863d1c42a02ac76e1306a5890d1d3e05d46c2d0f",
    "/assets/svg/md-construct.svg": "1353589dc77b111efede93b5c09a0f8cce7d902b",
    "/assets/svg/md-contact.svg": "a95696755f5d6b50bf5c73a88e8b859c914cd2c7",
    "/assets/svg/md-contacts.svg": "796c7b3389034e28b5a7f1aebe80da7800666ebe",
    "/assets/svg/md-contract.svg": "88f752401abe8a3221af3690a0c3eec00781ffcb",
    "/assets/svg/md-contrast.svg": "6e908171570722bb47574b7bf110698cbf34abde",
    "/assets/svg/md-copy.svg": "aca6e4480c86ee6ac70e8bdfe8a995f0feb08156",
    "/assets/svg/md-create.svg": "7f7714d39768e884672423890edadd2ef7fdc86f",
    "/assets/svg/md-crop.svg": "7ce3143af75f4e2ae31d9ebe8b4a074e95698d67",
    "/assets/svg/md-cube.svg": "dfa3e1a5898d2d8775644904e6f462a0f6a964aa",
    "/assets/svg/md-cut.svg": "f5647d3ccaef66ac5fd719c2df868c57c0991d82",
    "/assets/svg/md-desktop.svg": "feb7e0ab91ba4c23430ee982a8163de6b3d0bad7",
    "/assets/svg/md-disc.svg": "117c65460e4419d67352a0080ac895352fd78f36",
    "/assets/svg/md-document.svg": "06d628822087069ffacdd5e0ade96f564cd78075",
    "/assets/svg/md-done-all.svg": "b7f07368ae33fc79993328df25f96ffbac1fd59f",
    "/assets/svg/md-download.svg": "d4bafbefb10ed88ea69fc1ee2f6d4041041ea7d7",
    "/assets/svg/md-easel.svg": "498a50b33d185cfb724f012bea9e07d714ad3a66",
    "/assets/svg/md-egg.svg": "e2e3191032d2e4111b698b0a2d0c1f7276a8cb92",
    "/assets/svg/md-exit.svg": "b3d0c23a70ea11d1b114156f4f3adf791eef81a1",
    "/assets/svg/md-expand.svg": "bf32302203df89955974006c672dd40be0edec1b",
    "/assets/svg/md-eye-off.svg": "35efdb810b45746d20e954b8e62cb530b71c5a8c",
    "/assets/svg/md-eye.svg": "d0c0cf910a57fc7aac6617008ef0709a49fa25fa",
    "/assets/svg/md-fastforward.svg": "edccb6601694b71e56670b121973006e9a326df3",
    "/assets/svg/md-female.svg": "54431dbef34851369132e0e573e2cf13da056e29",
    "/assets/svg/md-filing.svg": "557ed52cd836ed0983f313f9778a63abdfd2e7af",
    "/assets/svg/md-film.svg": "c64d76a49123eefe82dfef5e1b543b34b08c848e",
    "/assets/svg/md-finger-print.svg": "d60ae6d20cdcdfc7fb2a89d2ebe424872f17698c",
    "/assets/svg/md-fitness.svg": "e43fddc0390b40892da99ac17672638eea02e439",
    "/assets/svg/md-flag.svg": "9d0c53048b1aeb1d1cfafbe8ba56d553a1049e8d",
    "/assets/svg/md-flame.svg": "820edb994fc97cd8caca4b9e92f471d5e0a34ea0",
    "/assets/svg/md-flash-off.svg": "c284840ad6d3ea81e7a32b84b0c6fb913edbf5eb",
    "/assets/svg/md-flash.svg": "928e09aa362c79d40eb69617841e7dd4c9dbcacd",
    "/assets/svg/md-flashlight.svg": "14f8ece55e34d996db96b35cad79e66a6a4bc480",
    "/assets/svg/md-flask.svg": "930baf58c8a629e80fe80056cef14c25c5f89b5d",
    "/assets/svg/md-flower.svg": "9ef6cf8c1c0873ae19827ceccffea5998b7e13f8",
    "/assets/svg/md-folder-open.svg": "7ba3b366016af8580f88b994b5d9d4182e903d66",
    "/assets/svg/md-folder.svg": "6847828ccf3681fb98178d9321a3a7290fc7d76d",
    "/assets/svg/md-football.svg": "ce57addbbce8f7f186e26640b2f44faa588f8b44",
    "/assets/svg/md-funnel.svg": "212c35945cf43b94c9737f502a26ec35c66e014d",
    "/assets/svg/md-gift.svg": "5eecff36b7e7cf8e2b812cf957121129444e2e26",
    "/assets/svg/md-git-branch.svg": "224c2ced077ab726ac01e92617760762f006cae2",
    "/assets/svg/md-git-commit.svg": "e9a3f81ee299252b828cf94c3b3837f8b3719891",
    "/assets/svg/md-git-compare.svg": "204bec54e760b3dbc9c4e45e38b0e430a7b8bf93",
    "/assets/svg/md-git-merge.svg": "6a5d93e4dcefe0c27b294df8868718c082e9d0bf",
    "/assets/svg/md-git-network.svg": "c81cb1bf6c8e8092791c6c7454f907f2527bfb59",
    "/assets/svg/md-git-pull-request.svg": "05cfd4fd93f19389405200c1a1624efe27adf4dd",
    "/assets/svg/md-glasses.svg": "d0ec36cee360e0295d0744fa262e1e4366edb2e0",
    "/assets/svg/md-globe.svg": "e53cad2268a97f8d7d3fe9530efdc6b6da2c2f44",
    "/assets/svg/md-grid.svg": "8b65f9d26e67cea290a1e1f0d87dddb9200548d0",
    "/assets/svg/md-hammer.svg": "815c80cf155fd30aeb032578cef47bb7d551c9c1",
    "/assets/svg/md-hand.svg": "b93de02f459c6f788e6c9db4973f3b99452f1359",
    "/assets/svg/md-happy.svg": "1227112a0f1d55d0f7a51137e72464f94e30e184",
    "/assets/svg/md-headset.svg": "e1edee64e3a13647c753ca7387b91309fe3f7fb8",
    "/assets/svg/md-heart-dislike.svg": "9fc35acabd69bae9b1f7d751faf7dbc4f94d4d31",
    "/assets/svg/md-heart-empty.svg": "4ba5ab25edb9da47d1eccd76a68f233410842977",
    "/assets/svg/md-heart-half.svg": "424ec5c767d6b6d72d787e8703bacfc3ef39e8f9",
    "/assets/svg/md-heart.svg": "bf158a97b697614530848219934b602e315cd547",
    "/assets/svg/md-help-buoy.svg": "422c0f9e683d3927dda557c50c11c6a83b7a4e22",
    "/assets/svg/md-help-circle-outline.svg": "9e644829ee6a5eba1c9c0615968a03185567049d",
    "/assets/svg/md-help-circle.svg": "7d518637832105ca29da48cd8cdb2fa20930a578",
    "/assets/svg/md-help.svg": "ae9869eb1c395e3e059ff6f400bb464a31f37079",
    "/assets/svg/md-home.svg": "160060c21c6f4ffa6198e255f3ff7e85681fe4ed",
    "/assets/svg/md-hourglass.svg": "372365d408c0636b9f8bee9415cd69f5814e75b1",
    "/assets/svg/md-ice-cream.svg": "da3899f634ed2ef6032da5c967d8765621453afa",
    "/assets/svg/md-image.svg": "b0c5320aa7f69296f73f6445397d149458465559",
    "/assets/svg/md-images.svg": "27a588b196e7781634dad20bbac3a6ecd902aaff",
    "/assets/svg/md-infinite.svg": "b355e71448f05fd1589d08b02bda619bc7ab4c52",
    "/assets/svg/md-information-circle-outline.svg": "f68ebbce2054a23a054b5c78d1d2245a07779686",
    "/assets/svg/md-information-circle.svg": "8e5f8f214988e8e6234a330b952636b159aa9775",
    "/assets/svg/md-information.svg": "4430075e840b5cab5a2ca474e4151a2aefb0325d",
    "/assets/svg/md-jet.svg": "28c16b610696e6ec773a05f70cdf7e807252e315",
    "/assets/svg/md-journal.svg": "f36f8260824155e21957dd5430302bd6e9862917",
    "/assets/svg/md-key.svg": "01ccddbfa8c8e2ada56aa4a5a3538fc96d9a950b",
    "/assets/svg/md-keypad.svg": "ccf91761ee75c355d491ac4051e9a98bac238128",
    "/assets/svg/md-laptop.svg": "4c1ead1939b3d9c4b1271c8c064ed82032e8e154",
    "/assets/svg/md-leaf.svg": "6009d4b2fdaf3869671ecc9358f1e4c7948f63a8",
    "/assets/svg/md-link.svg": "bbaeab10b06c94da1aab5a589b6da07e88a84531",
    "/assets/svg/md-list-box.svg": "53267ca71b47a48449a02ce0868f711bbe9878f8",
    "/assets/svg/md-list.svg": "e9f8a95e1d8dce5f74c8388946b76262d05fd0de",
    "/assets/svg/md-locate.svg": "a28345fb1fb1374ff225afd1b591baf2b6b41aa6",
    "/assets/svg/md-lock.svg": "db69f55624d1e3909a193b466cf55ccd5b27a7e6",
    "/assets/svg/md-log-in.svg": "df4f83060bb79c9f34caec8e515fee2eb2ca452a",
    "/assets/svg/md-log-out.svg": "8da664c4ad434403d1006e5f685835c1b9f846bf",
    "/assets/svg/md-magnet.svg": "0a48abf9c555d547b9af4a1f7bd114208ad197ef",
    "/assets/svg/md-mail-open.svg": "8517348fb0baa3608e7d8292f0beac463f72c20f",
    "/assets/svg/md-mail-unread.svg": "dbe77b648e8b82cb095410550293bdbaef293bf4",
    "/assets/svg/md-mail.svg": "0ef94a93381578bd0ce5d7746c7f54e84b787e47",
    "/assets/svg/md-male.svg": "07d9f4cd8c44633b1b01d55dc24baf62bc2550fb",
    "/assets/svg/md-man.svg": "70ab4dfba63b464ee91c3032f22d59c48ba79482",
    "/assets/svg/md-map.svg": "0c01d9e4bf27cbcf49aa0fdcd7f4fa0badcb8e39",
    "/assets/svg/md-medal.svg": "ad6687a0bb5710a1519a8dd06f6079ad03dae6a2",
    "/assets/svg/md-medical.svg": "018359d896f08240884acebfcc8337100bc49f00",
    "/assets/svg/md-medkit.svg": "d7d9018c598f234703bca466709ab1d7799a61be",
    "/assets/svg/md-megaphone.svg": "4f2547032ee8bf8cc57695deaa510d57d6b68cd6",
    "/assets/svg/md-menu.svg": "0ed75c06e7b7b1668ca94bea4c5b1d9559d82013",
    "/assets/svg/md-mic-off.svg": "cf1904d715bd0473099d99b351d82279846c0c29",
    "/assets/svg/md-mic.svg": "0cded7cb6b3b6e5945c846b8d83cf6b9f0cef858",
    "/assets/svg/md-microphone.svg": "894624e0ec707d3704ed81d973b0af8be92c35de",
    "/assets/svg/md-moon.svg": "de7b36e9878950588b2fea1f1819f2cfd0e350c3",
    "/assets/svg/md-more.svg": "dde6923e893a44a4061745307abf4b5b15045ed0",
    "/assets/svg/md-move.svg": "40b5b19c9e71ecab220a7d4bdaa93e7d8c35d690",
    "/assets/svg/md-musical-note.svg": "292ee938f529ec9e91f020d973e5a6e6d4f5646c",
    "/assets/svg/md-musical-notes.svg": "716756246262802fa31f14011ed7075f650dd73f",
    "/assets/svg/md-navigate.svg": "63609bf0bda2b4192bcc95f49720d13f3e10f7c7",
    "/assets/svg/md-notifications-off.svg": "60d207f75145abb4a42cd1a422f91ca7e6a31fea",
    "/assets/svg/md-notifications-outline.svg": "34ec70193c73af5d0b53b7e6931c377cfa975077",
    "/assets/svg/md-notifications.svg": "1318446d128c0632b55bc8012791d8de7f22e88c",
    "/assets/svg/md-nuclear.svg": "cda2f3f99a047eb52a0e28d06c3887bbb3fe1fa3",
    "/assets/svg/md-nutrition.svg": "2e623c3b2c80feddc5de85061b7b34378307c7fb",
    "/assets/svg/md-open.svg": "428f87a352bb117ec8a443fdad3721815f8461b9",
    "/assets/svg/md-options.svg": "56cb283bef0579e532d5a499079d45cb4bf96431",
    "/assets/svg/md-outlet.svg": "97201f2c4e04cdbadebd347c26a55d631bc0ec34",
    "/assets/svg/md-paper-plane.svg": "6e5883050b738128dab5cafc266892fecd0e3d25",
    "/assets/svg/md-paper.svg": "e009da83fdd9b20ffec4c42988c681ab82b2918a",
    "/assets/svg/md-partly-sunny.svg": "321fa411b7e676cf245f91c66c129475601bc677",
    "/assets/svg/md-pause.svg": "58d4691fdef98723d2474cf93c82daa4334abb78",
    "/assets/svg/md-paw.svg": "4183a3b6f4c2fd34bb18cb697502a19bd31b1056",
    "/assets/svg/md-people.svg": "51c13b38e6e53caa903b7d5d31975eb00f2d047e",
    "/assets/svg/md-person-add.svg": "9561eda6730259e2034df5ae66f6974bdbfba4a0",
    "/assets/svg/md-person.svg": "a5978f8012616f2a2fb51febe9c887f74d33a938",
    "/assets/svg/md-phone-landscape.svg": "661d2f042c2be9a727a31b8082e64ca645be3a15",
    "/assets/svg/md-phone-portrait.svg": "acb31cc9eeb87a5a97bffb710da6bb5d67854d77",
    "/assets/svg/md-photos.svg": "b63c176105f238cf2cd5b8e08eb875d7a0dd0201",
    "/assets/svg/md-pie.svg": "43ca4adee7ea0038f803094628904e985ba030c9",
    "/assets/svg/md-pin.svg": "e42d9f8eee4556afb15e56a56ad09ce8522b4bbd",
    "/assets/svg/md-pint.svg": "13009d82867c65affcfd5e3dbe9a5bbfa9af723f",
    "/assets/svg/md-pizza.svg": "6ed7b2c8a081495728d7fefd60fe364dcc9d5124",
    "/assets/svg/md-planet.svg": "c067ebaede2f6a5e7bb27454ecc153aae65e234d",
    "/assets/svg/md-play-circle.svg": "f19404fdd713b8b728d23294167ce689c263e62e",
    "/assets/svg/md-play.svg": "a93ef48013f3e1881053ece9b73739fbb647d48c",
    "/assets/svg/md-podium.svg": "3e5433b9c1a3519afe2a3ca6b2f13a7b4006cc61",
    "/assets/svg/md-power.svg": "d7722a04957d91f1bb499c7f8bebb0068217f799",
    "/assets/svg/md-pricetag.svg": "e98887cb5c3276ca2ccce7582ff694b28f6751a4",
    "/assets/svg/md-pricetags.svg": "71a9d9bfa971897702afe5f57252f4f3289f1cb8",
    "/assets/svg/md-print.svg": "eaff329f004f843649009c1d32c651dbf8a366d2",
    "/assets/svg/md-pulse.svg": "11ac91f8e84ec996d76efe83b00ab0cd028825cd",
    "/assets/svg/md-qr-scanner.svg": "8a326cb0e155a44362aa1c23fb8740959e5aff6e",
    "/assets/svg/md-quote.svg": "0cd4a2a4e07eba30e9a6b85f99f3550ee6d2e4a8",
    "/assets/svg/md-radio-button-off.svg": "0e593f6655f195c6dc68d9da74eaa50debf46942",
    "/assets/svg/md-radio-button-on.svg": "6695468ff81aef5c115a267c695da57acf12dd4d",
    "/assets/svg/md-radio.svg": "b866fdeefe5359604a397b96bdaad06b191c89ba",
    "/assets/svg/md-rainy.svg": "1d2802716a3500484a41d8e8121287eb935b614d",
    "/assets/svg/md-recording.svg": "3d2c77fd5f1dac4caed378e55f8af53db85fef3d",
    "/assets/svg/md-redo.svg": "6b18a627c2dc7748cd5aa7a19343d1dac7d9306f",
    "/assets/svg/md-refresh-circle.svg": "a80e1fdbf2b30d9f2a01d1ea9d1c1810f48e5bbd",
    "/assets/svg/md-refresh.svg": "4ae0fa37e1d53f68f1830090863471d0e3ced4b8",
    "/assets/svg/md-remove-circle-outline.svg": "b361ff8a00bec368c841d6d151c5926216c426bc",
    "/assets/svg/md-remove-circle.svg": "3ada3f860beaca08c59cc567628af7c0d97e02c9",
    "/assets/svg/md-remove.svg": "ea53888faddd25a48b9914296e122960c5ec236d",
    "/assets/svg/md-reorder.svg": "b6ba4374d7d7a2934cb71e9b7ab9ea828c592343",
    "/assets/svg/md-repeat.svg": "f879af0c489aaad3e65a69f824945a810f0e7b14",
    "/assets/svg/md-resize.svg": "f8f4b2ed2cc40ac5986561fcde3e3e12d441c4cf",
    "/assets/svg/md-restaurant.svg": "73b4ac04fb52073c6f8e9c5198320d195af47c22",
    "/assets/svg/md-return-left.svg": "8fe4b504444bc1320ebbf8f87518c575df06e33e",
    "/assets/svg/md-return-right.svg": "e6f927f92897681e69f3f3d8a384920d5bbc4034",
    "/assets/svg/md-reverse-camera.svg": "ab76145802f9b9322ba6d3d51bc03b80035de790",
    "/assets/svg/md-rewind.svg": "00361a93e7a51891418278b138c4bee2efe1d5a1",
    "/assets/svg/md-ribbon.svg": "17fea44a5f069ab27de10e0b14c8188960a57c8e",
    "/assets/svg/md-rocket.svg": "eaba161c776adf3941a98b1e6e438b23b42c1626",
    "/assets/svg/md-rose.svg": "8772d74f465ae5390df3608631c2c6fab255ae06",
    "/assets/svg/md-sad.svg": "2cef3039b9012698d462113153ecb5a83521562d",
    "/assets/svg/md-save.svg": "d58452bb1174d49e3ef84209f93c3575f226062c",
    "/assets/svg/md-school.svg": "d538ede1a66c5607350da895ac3ed66abae42fe7",
    "/assets/svg/md-search.svg": "37c8b4c3a21f8cb8ddd58f5c4aa2371d321d3eca",
    "/assets/svg/md-send.svg": "a508e0e0324ea3c79e18687ab42452012260be64",
    "/assets/svg/md-settings.svg": "00f36af3b4d7d8598075b1bc2740757ad60eab76",
    "/assets/svg/md-share-alt.svg": "29b1c638f2ea7a60662bb027afc3843e8176044b",
    "/assets/svg/md-share.svg": "73ab1ad1026e4ae24f36de9f75f272a8e8f1d715",
    "/assets/svg/md-shirt.svg": "d0949397f5806e39f7093a32f2990deea18c7042",
    "/assets/svg/md-shuffle.svg": "99bdca4e3e763c9d9a441bf164080dd94426d8c1",
    "/assets/svg/md-skip-backward.svg": "5f3a5a545c918f11b2dea959fc702f7c7b1501db",
    "/assets/svg/md-skip-forward.svg": "baed0f24a1c760620812bd7e4c34663c8f2af080",
    "/assets/svg/md-snow.svg": "e5d677726be053abf5b3cfe15ba66bb2878dbdfc",
    "/assets/svg/md-speedometer.svg": "83b190651265ad41f352c0526f07be04bd36fb62",
    "/assets/svg/md-square-outline.svg": "7eb704ce0a6f6f999b8ee84b30e2e927f4aec5c3",
    "/assets/svg/md-square.svg": "a3fb1e5d75ebbeca7ed8bd784305ff1543a09f0f",
    "/assets/svg/md-star-half.svg": "9f21ac3a18d022fcedb0bc728df028a670549bfd",
    "/assets/svg/md-star-outline.svg": "2df50de936dd1b9d23e3aefd96dbe2ef2dd040d5",
    "/assets/svg/md-star.svg": "47c7306b3a703f4d5b11c9dc55791c75d5ff4748",
    "/assets/svg/md-stats.svg": "22a116581fa05b3c1c9aa70fd3b2a5ffd27a2bec",
    "/assets/svg/md-stopwatch.svg": "65787bfbf48239c2f889b0fdd4892892dec70566",
    "/assets/svg/md-subway.svg": "f6045342d8cdaa6526f3ac93e6f57d1bdf338871",
    "/assets/svg/md-sunny.svg": "20863ce555966b4700e4c002ed9c1857d3be3592",
    "/assets/svg/md-swap.svg": "177daffbf8683d0adb82ad62a9912209d3713db3",
    "/assets/svg/md-switch.svg": "c3d16454621fced21ad4326c8c163b2c2133a157",
    "/assets/svg/md-sync.svg": "f2fd2763532236e46c489da7203e5e27156b9cdc",
    "/assets/svg/md-tablet-landscape.svg": "041987a8439dc29a6f8a697c9bcb040a0a2b740d",
    "/assets/svg/md-tablet-portrait.svg": "1b0238a7aca43f05a044b8c6f322dcc86df3ca23",
    "/assets/svg/md-tennisball.svg": "e2d85ffd3a7ac619206050140b9e5fb9481882b0",
    "/assets/svg/md-text.svg": "5ab0bf1718d701033edb4ee53a79adb96b1fa549",
    "/assets/svg/md-thermometer.svg": "520874b57ae71bf0a13774823bc24a1d207e2f63",
    "/assets/svg/md-thumbs-down.svg": "5acd1aa3201521424eeabcb530f10dbfb648e42b",
    "/assets/svg/md-thumbs-up.svg": "6d8b8f6d7a6be5ea25a67d00f8bb287b684558c0",
    "/assets/svg/md-thunderstorm.svg": "a91a161da699e2ffcadb40e7636bda0fcf4a0ff1",
    "/assets/svg/md-time.svg": "1debfa6e79975b65825af56867e31f52ac742ef6",
    "/assets/svg/md-timer.svg": "20148762240ad0aeb5994e9d8673c7c894fa71d9",
    "/assets/svg/md-today.svg": "1c1f6b98b9f4c0adf1af0244531f8876c065dd03",
    "/assets/svg/md-train.svg": "0ea03fd73f6049652fbba8d6624e44c8ad20fef5",
    "/assets/svg/md-transgender.svg": "1c503fa79df4b93cc57d7b05079729e4511386bc",
    "/assets/svg/md-trash.svg": "62106c0833a87ac3d1677168737f62d11541c4fe",
    "/assets/svg/md-trending-down.svg": "8a711dc3b1f363603c475dd96af626e0356fe49f",
    "/assets/svg/md-trending-up.svg": "ae9734d3d9363b7648095dbc87e36283b150fd1a",
    "/assets/svg/md-trophy.svg": "08337e98b27e8ffa5d54b2d166571c1c186df286",
    "/assets/svg/md-tv.svg": "3d5faa7f0ab1475ed316ff48d2f98782df545b9c",
    "/assets/svg/md-umbrella.svg": "829f8dbf6506911ce1cac81b31e762bbfc028ba0",
    "/assets/svg/md-undo.svg": "eb23fbcbc6b719a0a07e6acc0a699973a7bff20e",
    "/assets/svg/md-unlock.svg": "fb05b33006fa4acab22f71d590355e0afca05783",
    "/assets/svg/md-videocam.svg": "9b6cc285c91a4cc725a3fdd4d8654af7022784fe",
    "/assets/svg/md-volume-high.svg": "f27c600e74ed3f00923a2cd69f56912788043c45",
    "/assets/svg/md-volume-low.svg": "3d638c386ff38800f6c0c6a4917321e0be04baf4",
    "/assets/svg/md-volume-mute.svg": "b24c3525ced3a7989da193c14280b1ae11cf2a7e",
    "/assets/svg/md-volume-off.svg": "be8607499d17be1c4b3af5c4cb88fee9febf17df",
    "/assets/svg/md-walk.svg": "79bd9f7e2ac4f031ada14ddfa40a637f1e246fcf",
    "/assets/svg/md-wallet.svg": "37d5e42530784fa8102090e46608f4583afe1c19",
    "/assets/svg/md-warning.svg": "df4f19592b053dc74b1257808ae7b412bb573e01",
    "/assets/svg/md-watch.svg": "90441981f10c4bee6e24aef9295e7ef5fdb9c439",
    "/assets/svg/md-water.svg": "6a8db4b0c0dbeb48d5d2cf1d0a32c0bccf7aed20",
    "/assets/svg/md-wifi.svg": "64e3a64c9b32a202c3fd909f5ba893d7ae776201",
    "/assets/svg/md-wine.svg": "a9125adb2bd1c88846fcde2de5d977bc0a267c1c",
    "/assets/svg/md-woman.svg": "5aee0bdb5060a13f9009e18466fc11a5359100d2",
    "/index.html": "7bcef52b24953e97515b0b6682355cd15a129ad1",
    "/main.3f161d9eb3f540a0c536.js": "2f45f9f36b5d5a0a32d36d817ab4a6a1d5e889ae",
    "/manifest.webmanifest": "9a088b7c4339228d1082e666ce105dc889bc180c",
    "/polyfills.32b83f3bf77a66f75933.js": "329c19710044e98856cac1992a21db64bd25edb4",
    "/runtime.b73040f069c7dcbe3a52.js": "65460ef2f294391319eee5775be83e54d47c9aab",
    "/styles.08d3e86182c79b0a30e1.css": "2047ae42b75a50cb9ceecd96c09a0e5bb57ae6ef"
  },
  "navigationUrls": [
    {
      "positive": true,
      "regex": "^\\/.*$"
    },
    {
      "positive": false,
      "regex": "^\\/(?:.+\\/)?[^/]*\\.[^/]*$"
    },
    {
      "positive": false,
      "regex": "^\\/(?:.+\\/)?[^/]*__[^/]*$"
    },
    {
      "positive": false,
      "regex": "^\\/(?:.+\\/)?[^/]*__[^/]*\\/.*$"
    }
  ],
  "navigationRequestStrategy": "performance"
}